Workbook

Sheet Read Me
B1: Thomson Reserve: Indicative Price Matrix v4 (All 1,268 Units)
B2: Built on the developer starting prices (latest Price Estimation Matrix) and the project chief floor guide (19 Oct 2026). Indicative only, not developer pricing.
B3: Created by Tricia Ong & Angus Lim
B5: Anchor: developer start | C5: The developer "starting from" PSF is the hard floor for every size: the cheapest stack on its lowest floor shows the developer quoted price exactly. Sizes without a confirmed starting price (775, 1,152, 1,367, 1,485, 1,808 sqft) start at the lowest PSF row the matrix offers.
B6: Project chief floor guide | C6: The guide gives the average PSF per floor band (e.g. Classic L2-7 from $2,700, L8-15 $2,800 to $2,900, L16-21 $3,000). The model draws a smooth floor curve through those averages, so prices climb floor by floor with no band jumps. Summary shows guide vs model for every band.
B7: Tiers A to E | C7: Each stack has a tier that sets its base position: A trophy, B inner pool facing / long pool vistas (pool facing commands a premium), C road-side or west-sun stacks with landed / nature views, D drop-off / road / boundary, E HDB / Thomson Three facing. On top of the tier, each stack carries its own mid and high-floor view loading. So Stack 01 is tier C (below pool-facing 06/18, tier B) on low floors, but its unblocked landed, nature reserve and city views load in on the way up, and its high floors price above 06/18. Stacks are ordered by our own tiers and stack calls (the slide numbering is not used).
B8: Stack position (+/- $50K) | C8: The guide is an average. Around it, each stack sits from about $50K below (most inferior) to about $50K above (best) on the same floor, ordered by our own tiers and stack calls. Unblocked nature reserve, landed, city and reservoir views carry the strongest mid and high-floor positions. A stack whose view opens up moves into its better position gradually over the floors before its view clears, so no single floor carries a big jump.
B9: Luxury always dearer | C9: On every floor, the cheapest Luxury unit (Blocks 5 and 7) is priced above the dearest Classic unit of the same size. Where the guide average alone would not achieve this, the Luxury curve carries an uplift, so Luxury averages for those sizes run above the guide.
B10: No dips | C10: No unit is priced below the floor beneath it in the same stack.
B11: Blocked views and parallax | C11: Stacks whose living-room view has a clubhouse, lounge or pavilion in the foreground (front edge within 40m, 3D site model). Clear floor allows for parallax: eye height needed = roof top + 1.6 / (3 + 2) x (front-edge distance + 5). Stacks 37, 50 and 51 load their premium fully by L10.
B12: Facing (compass) | C12: True compass facing of each stack from the 3D site model: e.g. 14/15/37 face WNW (west sun), 27 and 33 to 35 face SE (no afternoon sun), 19 to 22, 28, 36 and 52 to 55 face SW, 10 to 13 and 42 to 45 face SSW, 01 to 05 face SSE.
B13: Tabs | C13: Summary (checks, price ranges, guide vs model) · All Units (one row per unit with the price build-up) · 2BR ... 5BR matrices (A. price, B. PSF) · Developer Matrix · Assumptions (all inputs).
B14: Unit numbering | C14: #Floor-Stack, e.g. #05-19 is Level 5, Stack 19 (Block 5).
B15: Colour legend | C15: Yellow fill + blue text = input. Green text = pulled from Assumptions. Black = formula. Beige = Classic Collection, light blue = Luxury Collection.
B16: Disclaimer | C16: Estimates for client discussion only. Not the developer's official price list; actual prices may differ by stack and floor.

Sheet Summary
A1: Thomson Reserve: Model checks and price ranges
A2: Lowest model price must equal the developer "starting from". Floor bands and band averages follow the project chief floor guide (table at the bottom). Luxury is always priced above Classic of the same size on the same floor.
A3: ="Stack spread: +/- "&TEXT(Assumptions!$C$5,"$#,##0")&" around the floor average | Luxury lead over Classic, same floor: at least "&TEXT(Assumptions!$C$6,"$#,##0")&" psf" -> Stack spread: +/- $50,000 around the floor average | Luxury lead over Classic, same floor: at least $20 psf
A5: Size (sqft) | B5: Unit type | C5: Units | D5: Dev "starting from" | E5: Model lowest price | F5: Starting matches? | G5: Classic: model PSF range | H5: Developer top PSF (Classic) | I5: Luxury: model PSF range | J5: Developer top PSF (Luxury) | K5: Model highest price | L5: Luxury above Classic on every floor?
A6: 592 | B6: 2 Bedroom | C6: =COUNTIFS('All Units'!$G$5:$G$1272,A6) -> 100 | D6: =IF(Assumptions!$C$26="","not confirmed",Assumptions!$C$26) -> 1544000 | E6: =_xlfn.MINIFS('All Units'!$R$5:$R$1272,'All Units'!$G$5:$G$1272,A6) -> 1544000 | F6: =IF(_xlfn.MINIFS('All Units'!$Q$5:$Q$1272,'All Units'!$G$5:$G$1272,A6)<>Assumptions!$E$26,"CHECK",IF(ISNUMBER(D6),IF(E6=D6,"Yes","CHECK"),"Yes (PSF)")) -> Yes | G6: =IF(COUNTIFS('All Units'!$G$5:$G$1272,A6,'All Units'!$H$5:$H$1272,"Classic")=0,"-",TEXT(_xlfn.MINIFS('All Units'!$Q$5:$Q$1272,'All Units'!$G$5:$G$1272,A6,'All Units'!$H$5:$H$1272,"Classic"),"$#,##0")&" to "&TEXT(_xlfn.MAXIFS('All Units'!$Q$5:$Q$1272,'All Units'!$G$5:$G$1272,A6,'All Units'!$H$5:$H$1272,"Classic"),"$#,##0")) -> $2,608 to $3,171 | H6: =IF(Assumptions!$H$26="","-",Assumptions!$H$26) -> 3000 | I6: =IF(COUNTIFS('All Units'!$G$5:$G$1272,A6,'All Units'!$H$5:$H$1272,"Luxury")=0,"-",TEXT(_xlfn.MINIFS('All Units'!$Q$5:$Q$1272,'All Units'!$G$5:$G$1272,A6,'All Units'!$H$5:$H$1272,"Luxury"),"$#,##0")&" to "&TEXT(_xlfn.MAXIFS('All Units'!$Q$5:$Q$1272,'All Units'!$G$5:$G$1272,A6,'All Units'!$H$5:$H$1272,"Luxury"),"$#,##0")) -> - | J6: =IF(Assumptions!$I$26="","-",Assumptions!$I$26) -> - | K6: =_xlfn.MAXIFS('All Units'!$R$5:$R$1272,'All Units'!$G$5:$G$1272,A6) -> 1877200 | L6: n/a
A7: 678 | B7: 2 Bedroom Premium | C7: =COUNTIFS('All Units'!$G$5:$G$1272,A7) -> 416 | D7: =IF(Assumptions!$C$27="","not confirmed",Assumptions!$C$27) -> 1772000 | E7: =_xlfn.MINIFS('All Units'!$R$5:$R$1272,'All Units'!$G$5:$G$1272,A7) -> 1772000 | F7: =IF(_xlfn.MINIFS('All Units'!$Q$5:$Q$1272,'All Units'!$G$5:$G$1272,A7)<>Assumptions!$E$27,"CHECK",IF(ISNUMBER(D7),IF(E7=D7,"Yes","CHECK"),"Yes (PSF)")) -> Yes | G7: =IF(COUNTIFS('All Units'!$G$5:$G$1272,A7,'All Units'!$H$5:$H$1272,"Classic")=0,"-",TEXT(_xlfn.MINIFS('All Units'!$Q$5:$Q$1272,'All Units'!$G$5:$G$1272,A7,'All Units'!$H$5:$H$1272,"Classic"),"$#,##0")&" to "&TEXT(_xlfn.MAXIFS('All Units'!$Q$5:$Q$1272,'All Units'!$G$5:$G$1272,A7,'All Units'!$H$5:$H$1272,"Classic"),"$#,##0")) -> $2,613 to $3,125 | H7: =IF(Assumptions!$H$27="","-",Assumptions!$H$27) -> 2900 | I7: =IF(COUNTIFS('All Units'!$G$5:$G$1272,A7,'All Units'!$H$5:$H$1272,"Luxury")=0,"-",TEXT(_xlfn.MINIFS('All Units'!$Q$5:$Q$1272,'All Units'!$G$5:$G$1272,A7,'All Units'!$H$5:$H$1272,"Luxury"),"$#,##0")&" to "&TEXT(_xlfn.MAXIFS('All Units'!$Q$5:$Q$1272,'All Units'!$G$5:$G$1272,A7,'All Units'!$H$5:$H$1272,"Luxury"),"$#,##0")) -> $2,762 to $3,408 | J7: =IF(Assumptions!$I$27="","-",Assumptions!$I$27) -> 3100 | K7: =_xlfn.MAXIFS('All Units'!$R$5:$R$1272,'All Units'!$G$5:$G$1272,A7) -> 2310600 | L7: =IF(COUNTIF(Assumptions!$B$94:$B$123,"CHECK")=0,"Yes","CHECK") -> Yes
A8: 732 | B8: 2 Bedroom Premium + Study | C8: =COUNTIFS('All Units'!$G$5:$G$1272,A8) -> 120 | D8: =IF(Assumptions!$C$28="","not confirmed",Assumptions!$C$28) -> 1925000 | E8: =_xlfn.MINIFS('All Units'!$R$5:$R$1272,'All Units'!$G$5:$G$1272,A8) -> 1925000 | F8: =IF(_xlfn.MINIFS('All Units'!$Q$5:$Q$1272,'All Units'!$G$5:$G$1272,A8)<>Assumptions!$E$28,"CHECK",IF(ISNUMBER(D8),IF(E8=D8,"Yes","CHECK"),"Yes (PSF)")) -> Yes | G8: =IF(COUNTIFS('All Units'!$G$5:$G$1272,A8,'All Units'!$H$5:$H$1272,"Classic")=0,"-",TEXT(_xlfn.MINIFS('All Units'!$Q$5:$Q$1272,'All Units'!$G$5:$G$1272,A8,'All Units'!$H$5:$H$1272,"Classic"),"$#,##0")&" to "&TEXT(_xlfn.MAXIFS('All Units'!$Q$5:$Q$1272,'All Units'!$G$5:$G$1272,A8,'All Units'!$H$5:$H$1272,"Classic"),"$#,##0")) -> $2,630 to $3,149 | H8: =IF(Assumptions!$H$28="","-",Assumptions!$H$28) -> 2900 | I8: =IF(COUNTIFS('All Units'!$G$5:$G$1272,A8,'All Units'!$H$5:$H$1272,"Luxury")=0,"-",TEXT(_xlfn.MINIFS('All Units'!$Q$5:$Q$1272,'All Units'!$G$5:$G$1272,A8,'All Units'!$H$5:$H$1272,"Luxury"),"$#,##0")&" to "&TEXT(_xlfn.MAXIFS('All Units'!$Q$5:$Q$1272,'All Units'!$G$5:$G$1272,A8,'All Units'!$H$5:$H$1272,"Luxury"),"$#,##0")) -> $2,773 to $3,389 | J8: =IF(Assumptions!$I$28="","-",Assumptions!$I$28) -> 3100 | K8: =_xlfn.MAXIFS('All Units'!$R$5:$R$1272,'All Units'!$G$5:$G$1272,A8) -> 2480700 | L8: =IF(COUNTIF(Assumptions!$C$94:$C$123,"CHECK")=0,"Yes","CHECK") -> Yes
A9: 775 | B9: 2 Bedroom Premium + Study | C9: =COUNTIFS('All Units'!$G$5:$G$1272,A9) -> 80 | D9: =IF(Assumptions!$C$29="","not confirmed",Assumptions!$C$29) -> not confirmed | E9: =_xlfn.MINIFS('All Units'!$R$5:$R$1272,'All Units'!$G$5:$G$1272,A9) -> 2053800 | F9: =IF(_xlfn.MINIFS('All Units'!$Q$5:$Q$1272,'All Units'!$G$5:$G$1272,A9)<>Assumptions!$E$29,"CHECK",IF(ISNUMBER(D9),IF(E9=D9,"Yes","CHECK"),"Yes (PSF)")) -> Yes (PSF) | G9: =IF(COUNTIFS('All Units'!$G$5:$G$1272,A9,'All Units'!$H$5:$H$1272,"Classic")=0,"-",TEXT(_xlfn.MINIFS('All Units'!$Q$5:$Q$1272,'All Units'!$G$5:$G$1272,A9,'All Units'!$H$5:$H$1272,"Classic"),"$#,##0")&" to "&TEXT(_xlfn.MAXIFS('All Units'!$Q$5:$Q$1272,'All Units'!$G$5:$G$1272,A9,'All Units'!$H$5:$H$1272,"Classic"),"$#,##0")) -> $2,650 to $3,054 | H9: =IF(Assumptions!$H$29="","-",Assumptions!$H$29) -> 2900 | I9: =IF(COUNTIFS('All Units'!$G$5:$G$1272,A9,'All Units'!$H$5:$H$1272,"Luxury")=0,"-",TEXT(_xlfn.MINIFS('All Units'!$Q$5:$Q$1272,'All Units'!$G$5:$G$1272,A9,'All Units'!$H$5:$H$1272,"Luxury"),"$#,##0")&" to "&TEXT(_xlfn.MAXIFS('All Units'!$Q$5:$Q$1272,'All Units'!$G$5:$G$1272,A9,'All Units'!$H$5:$H$1272,"Luxury"),"$#,##0")) -> $2,693 to $3,298 | J9: =IF(Assumptions!$I$29="","-",Assumptions!$I$29) -> 3100 | K9: =_xlfn.MAXIFS('All Units'!$R$5:$R$1272,'All Units'!$G$5:$G$1272,A9) -> 2556000 | L9: =IF(COUNTIF(Assumptions!$D$94:$D$123,"CHECK")=0,"Yes","CHECK") -> Yes
A10: 947 | B10: 3 Bedroom | C10: =COUNTIFS('All Units'!$G$5:$G$1272,A10) -> 120 | D10: =IF(Assumptions!$C$30="","not confirmed",Assumptions!$C$30) -> 2503000 | E10: =_xlfn.MINIFS('All Units'!$R$5:$R$1272,'All Units'!$G$5:$G$1272,A10) -> 2503000 | F10: =IF(_xlfn.MINIFS('All Units'!$Q$5:$Q$1272,'All Units'!$G$5:$G$1272,A10)<>Assumptions!$E$30,"CHECK",IF(ISNUMBER(D10),IF(E10=D10,"Yes","CHECK"),"Yes (PSF)")) -> Yes | G10: =IF(COUNTIFS('All Units'!$G$5:$G$1272,A10,'All Units'!$H$5:$H$1272,"Classic")=0,"-",TEXT(_xlfn.MINIFS('All Units'!$Q$5:$Q$1272,'All Units'!$G$5:$G$1272,A10,'All Units'!$H$5:$H$1272,"Classic"),"$#,##0")&" to "&TEXT(_xlfn.MAXIFS('All Units'!$Q$5:$Q$1272,'All Units'!$G$5:$G$1272,A10,'All Units'!$H$5:$H$1272,"Classic"),"$#,##0")) -> $2,642 to $3,118 | H10: =IF(Assumptions!$H$30="","-",Assumptions!$H$30) -> 3000 | I10: =IF(COUNTIFS('All Units'!$G$5:$G$1272,A10,'All Units'!$H$5:$H$1272,"Luxury")=0,"-",TEXT(_xlfn.MINIFS('All Units'!$Q$5:$Q$1272,'All Units'!$G$5:$G$1272,A10,'All Units'!$H$5:$H$1272,"Luxury"),"$#,##0")&" to "&TEXT(_xlfn.MAXIFS('All Units'!$Q$5:$Q$1272,'All Units'!$G$5:$G$1272,A10,'All Units'!$H$5:$H$1272,"Luxury"),"$#,##0")) -> $2,743 to $3,281 | J10: =IF(Assumptions!$I$30="","-",Assumptions!$I$30) -> 3200 | K10: =_xlfn.MAXIFS('All Units'!$R$5:$R$1272,'All Units'!$G$5:$G$1272,A10) -> 3107100 | L10: =IF(COUNTIF(Assumptions!$E$94:$E$123,"CHECK")=0,"Yes","CHECK") -> Yes
A11: 1055 | B11: 3 Bedroom Premium | C11: =COUNTIFS('All Units'!$G$5:$G$1272,A11) -> 170 | D11: =IF(Assumptions!$C$31="","not confirmed",Assumptions!$C$31) -> 2777000 | E11: =_xlfn.MINIFS('All Units'!$R$5:$R$1272,'All Units'!$G$5:$G$1272,A11) -> 2777000 | F11: =IF(_xlfn.MINIFS('All Units'!$Q$5:$Q$1272,'All Units'!$G$5:$G$1272,A11)<>Assumptions!$E$31,"CHECK",IF(ISNUMBER(D11),IF(E11=D11,"Yes","CHECK"),"Yes (PSF)")) -> Yes | G11: =IF(COUNTIFS('All Units'!$G$5:$G$1272,A11,'All Units'!$H$5:$H$1272,"Classic")=0,"-",TEXT(_xlfn.MINIFS('All Units'!$Q$5:$Q$1272,'All Units'!$G$5:$G$1272,A11,'All Units'!$H$5:$H$1272,"Classic"),"$#,##0")&" to "&TEXT(_xlfn.MAXIFS('All Units'!$Q$5:$Q$1272,'All Units'!$G$5:$G$1272,A11,'All Units'!$H$5:$H$1272,"Classic"),"$#,##0")) -> $2,633 to $3,090 | H11: =IF(Assumptions!$H$31="","-",Assumptions!$H$31) -> 3000 | I11: =IF(COUNTIFS('All Units'!$G$5:$G$1272,A11,'All Units'!$H$5:$H$1272,"Luxury")=0,"-",TEXT(_xlfn.MINIFS('All Units'!$Q$5:$Q$1272,'All Units'!$G$5:$G$1272,A11,'All Units'!$H$5:$H$1272,"Luxury"),"$#,##0")&" to "&TEXT(_xlfn.MAXIFS('All Units'!$Q$5:$Q$1272,'All Units'!$G$5:$G$1272,A11,'All Units'!$H$5:$H$1272,"Luxury"),"$#,##0")) -> $2,776 to $3,254 | J11: =IF(Assumptions!$I$31="","-",Assumptions!$I$31) -> 3200 | K11: =_xlfn.MAXIFS('All Units'!$R$5:$R$1272,'All Units'!$G$5:$G$1272,A11) -> 3433000 | L11: =IF(COUNTIF(Assumptions!$F$94:$F$123,"CHECK")=0,"Yes","CHECK") -> Yes
A12: 1152 | B12: 3 Bedroom Premium + Study | C12: =COUNTIFS('All Units'!$G$5:$G$1272,A12) -> 60 | D12: =IF(Assumptions!$C$32="","not confirmed",Assumptions!$C$32) -> not confirmed | E12: =_xlfn.MINIFS('All Units'!$R$5:$R$1272,'All Units'!$G$5:$G$1272,A12) -> 3052800 | F12: =IF(_xlfn.MINIFS('All Units'!$Q$5:$Q$1272,'All Units'!$G$5:$G$1272,A12)<>Assumptions!$E$32,"CHECK",IF(ISNUMBER(D12),IF(E12=D12,"Yes","CHECK"),"Yes (PSF)")) -> Yes (PSF) | G12: =IF(COUNTIFS('All Units'!$G$5:$G$1272,A12,'All Units'!$H$5:$H$1272,"Classic")=0,"-",TEXT(_xlfn.MINIFS('All Units'!$Q$5:$Q$1272,'All Units'!$G$5:$G$1272,A12,'All Units'!$H$5:$H$1272,"Classic"),"$#,##0")&" to "&TEXT(_xlfn.MAXIFS('All Units'!$Q$5:$Q$1272,'All Units'!$G$5:$G$1272,A12,'All Units'!$H$5:$H$1272,"Classic"),"$#,##0")) -> $2,650 to $3,092 | H12: =IF(Assumptions!$H$32="","-",Assumptions!$H$32) -> 3000 | I12: =IF(COUNTIFS('All Units'!$G$5:$G$1272,A12,'All Units'!$H$5:$H$1272,"Luxury")=0,"-",TEXT(_xlfn.MINIFS('All Units'!$Q$5:$Q$1272,'All Units'!$G$5:$G$1272,A12,'All Units'!$H$5:$H$1272,"Luxury"),"$#,##0")&" to "&TEXT(_xlfn.MAXIFS('All Units'!$Q$5:$Q$1272,'All Units'!$G$5:$G$1272,A12,'All Units'!$H$5:$H$1272,"Luxury"),"$#,##0")) -> - | J12: =IF(Assumptions!$I$32="","-",Assumptions!$I$32) -> - | K12: =_xlfn.MAXIFS('All Units'!$R$5:$R$1272,'All Units'!$G$5:$G$1272,A12) -> 3562000 | L12: n/a
A13: 1238 | B13: 4 Bedroom | C13: =COUNTIFS('All Units'!$G$5:$G$1272,A13) -> 90 | D13: =IF(Assumptions!$C$33="","not confirmed",Assumptions!$C$33) -> 3388000 | E13: =_xlfn.MINIFS('All Units'!$R$5:$R$1272,'All Units'!$G$5:$G$1272,A13) -> 3388000 | F13: =IF(_xlfn.MINIFS('All Units'!$Q$5:$Q$1272,'All Units'!$G$5:$G$1272,A13)<>Assumptions!$E$33,"CHECK",IF(ISNUMBER(D13),IF(E13=D13,"Yes","CHECK"),"Yes (PSF)")) -> Yes | G13: =IF(COUNTIFS('All Units'!$G$5:$G$1272,A13,'All Units'!$H$5:$H$1272,"Classic")=0,"-",TEXT(_xlfn.MINIFS('All Units'!$Q$5:$Q$1272,'All Units'!$G$5:$G$1272,A13,'All Units'!$H$5:$H$1272,"Classic"),"$#,##0")&" to "&TEXT(_xlfn.MAXIFS('All Units'!$Q$5:$Q$1272,'All Units'!$G$5:$G$1272,A13,'All Units'!$H$5:$H$1272,"Classic"),"$#,##0")) -> $2,737 to $3,113 | H13: =IF(Assumptions!$H$33="","-",Assumptions!$H$33) -> 3000 | I13: =IF(COUNTIFS('All Units'!$G$5:$G$1272,A13,'All Units'!$H$5:$H$1272,"Luxury")=0,"-",TEXT(_xlfn.MINIFS('All Units'!$Q$5:$Q$1272,'All Units'!$G$5:$G$1272,A13,'All Units'!$H$5:$H$1272,"Luxury"),"$#,##0")&" to "&TEXT(_xlfn.MAXIFS('All Units'!$Q$5:$Q$1272,'All Units'!$G$5:$G$1272,A13,'All Units'!$H$5:$H$1272,"Luxury"),"$#,##0")) -> $2,825 to $3,331 | J13: =IF(Assumptions!$I$33="","-",Assumptions!$I$33) -> 3200 | K13: =_xlfn.MAXIFS('All Units'!$R$5:$R$1272,'All Units'!$G$5:$G$1272,A13) -> 4123800 | L13: =IF(COUNTIF(Assumptions!$G$94:$G$123,"CHECK")=0,"Yes","CHECK") -> Yes
A14: 1367 | B14: 4 Bedroom Premium (w Private Lift) | C14: =COUNTIFS('All Units'!$G$5:$G$1272,A14) -> 56 | D14: =IF(Assumptions!$C$34="","not confirmed",Assumptions!$C$34) -> not confirmed | E14: =_xlfn.MINIFS('All Units'!$R$5:$R$1272,'All Units'!$G$5:$G$1272,A14) -> 3827600 | F14: =IF(_xlfn.MINIFS('All Units'!$Q$5:$Q$1272,'All Units'!$G$5:$G$1272,A14)<>Assumptions!$E$34,"CHECK",IF(ISNUMBER(D14),IF(E14=D14,"Yes","CHECK"),"Yes (PSF)")) -> Yes (PSF) | G14: =IF(COUNTIFS('All Units'!$G$5:$G$1272,A14,'All Units'!$H$5:$H$1272,"Classic")=0,"-",TEXT(_xlfn.MINIFS('All Units'!$Q$5:$Q$1272,'All Units'!$G$5:$G$1272,A14,'All Units'!$H$5:$H$1272,"Classic"),"$#,##0")&" to "&TEXT(_xlfn.MAXIFS('All Units'!$Q$5:$Q$1272,'All Units'!$G$5:$G$1272,A14,'All Units'!$H$5:$H$1272,"Classic"),"$#,##0")) -> - | H14: =IF(Assumptions!$H$34="","-",Assumptions!$H$34) -> - | I14: =IF(COUNTIFS('All Units'!$G$5:$G$1272,A14,'All Units'!$H$5:$H$1272,"Luxury")=0,"-",TEXT(_xlfn.MINIFS('All Units'!$Q$5:$Q$1272,'All Units'!$G$5:$G$1272,A14,'All Units'!$H$5:$H$1272,"Luxury"),"$#,##0")&" to "&TEXT(_xlfn.MAXIFS('All Units'!$Q$5:$Q$1272,'All Units'!$G$5:$G$1272,A14,'All Units'!$H$5:$H$1272,"Luxury"),"$#,##0")) -> $2,800 to $3,356 | J14: =IF(Assumptions!$I$34="","-",Assumptions!$I$34) -> 3300 | K14: =_xlfn.MAXIFS('All Units'!$R$5:$R$1272,'All Units'!$G$5:$G$1272,A14) -> 4587700 | L14: n/a
A15: 1485 | B15: 4 Bedroom Premium + Study (w Private Lift) | C15: =COUNTIFS('All Units'!$G$5:$G$1272,A15) -> 28 | D15: =IF(Assumptions!$C$35="","not confirmed",Assumptions!$C$35) -> not confirmed | E15: =_xlfn.MINIFS('All Units'!$R$5:$R$1272,'All Units'!$G$5:$G$1272,A15) -> 4158000 | F15: =IF(_xlfn.MINIFS('All Units'!$Q$5:$Q$1272,'All Units'!$G$5:$G$1272,A15)<>Assumptions!$E$35,"CHECK",IF(ISNUMBER(D15),IF(E15=D15,"Yes","CHECK"),"Yes (PSF)")) -> Yes (PSF) | G15: =IF(COUNTIFS('All Units'!$G$5:$G$1272,A15,'All Units'!$H$5:$H$1272,"Classic")=0,"-",TEXT(_xlfn.MINIFS('All Units'!$Q$5:$Q$1272,'All Units'!$G$5:$G$1272,A15,'All Units'!$H$5:$H$1272,"Classic"),"$#,##0")&" to "&TEXT(_xlfn.MAXIFS('All Units'!$Q$5:$Q$1272,'All Units'!$G$5:$G$1272,A15,'All Units'!$H$5:$H$1272,"Classic"),"$#,##0")) -> - | H15: =IF(Assumptions!$H$35="","-",Assumptions!$H$35) -> - | I15: =IF(COUNTIFS('All Units'!$G$5:$G$1272,A15,'All Units'!$H$5:$H$1272,"Luxury")=0,"-",TEXT(_xlfn.MINIFS('All Units'!$Q$5:$Q$1272,'All Units'!$G$5:$G$1272,A15,'All Units'!$H$5:$H$1272,"Luxury"),"$#,##0")&" to "&TEXT(_xlfn.MAXIFS('All Units'!$Q$5:$Q$1272,'All Units'!$G$5:$G$1272,A15,'All Units'!$H$5:$H$1272,"Luxury"),"$#,##0")) -> $2,800 to $3,328 | J15: =IF(Assumptions!$I$35="","-",Assumptions!$I$35) -> 3300 | K15: =_xlfn.MAXIFS('All Units'!$R$5:$R$1272,'All Units'!$G$5:$G$1272,A15) -> 4942100 | L15: n/a
A16: 1808 | B16: 5 Bedroom Suite (w Private Lift) | C16: =COUNTIFS('All Units'!$G$5:$G$1272,A16) -> 28 | D16: =IF(Assumptions!$C$36="","not confirmed",Assumptions!$C$36) -> not confirmed | E16: =_xlfn.MINIFS('All Units'!$R$5:$R$1272,'All Units'!$G$5:$G$1272,A16) -> 5062400 | F16: =IF(_xlfn.MINIFS('All Units'!$Q$5:$Q$1272,'All Units'!$G$5:$G$1272,A16)<>Assumptions!$E$36,"CHECK",IF(ISNUMBER(D16),IF(E16=D16,"Yes","CHECK"),"Yes (PSF)")) -> Yes (PSF) | G16: =IF(COUNTIFS('All Units'!$G$5:$G$1272,A16,'All Units'!$H$5:$H$1272,"Classic")=0,"-",TEXT(_xlfn.MINIFS('All Units'!$Q$5:$Q$1272,'All Units'!$G$5:$G$1272,A16,'All Units'!$H$5:$H$1272,"Classic"),"$#,##0")&" to "&TEXT(_xlfn.MAXIFS('All Units'!$Q$5:$Q$1272,'All Units'!$G$5:$G$1272,A16,'All Units'!$H$5:$H$1272,"Classic"),"$#,##0")) -> - | H16: =IF(Assumptions!$H$36="","-",Assumptions!$H$36) -> - | I16: =IF(COUNTIFS('All Units'!$G$5:$G$1272,A16,'All Units'!$H$5:$H$1272,"Luxury")=0,"-",TEXT(_xlfn.MINIFS('All Units'!$Q$5:$Q$1272,'All Units'!$G$5:$G$1272,A16,'All Units'!$H$5:$H$1272,"Luxury"),"$#,##0")&" to "&TEXT(_xlfn.MAXIFS('All Units'!$Q$5:$Q$1272,'All Units'!$G$5:$G$1272,A16,'All Units'!$H$5:$H$1272,"Luxury"),"$#,##0")) -> $2,800 to $3,328 | J16: =IF(Assumptions!$I$36="","-",Assumptions!$I$36) -> 3300 | K16: =_xlfn.MAXIFS('All Units'!$R$5:$R$1272,'All Units'!$G$5:$G$1272,A16) -> 6017000 | L16: n/a
A17: Total | C17: =SUM(C6:C16) -> 1268
A19: Price range by unit type, collection and floor band (unit counts checked against the developer unit mix)
A20: Unit type | B20: Size (sqft) | C20: Collection | D20: Units | E20: Low floors | F20: Mid floors | G20: High floors | H20: Lowest | I20: Highest | J20: Developer unit mix | K20: Matches?
A21: 2 Bedroom | B21: 592 | C21: Classic | D21: =COUNTIFS('All Units'!$G$5:$G$1272,$B21,'All Units'!$H$5:$H$1272,$C21) -> 100 | E21: =IF(COUNTIFS('All Units'!$G$5:$G$1272,$B21,'All Units'!$H$5:$H$1272,$C21,'All Units'!$J$5:$J$1272,"Low")=0,"-",TEXT(_xlfn.MINIFS('All Units'!$R$5:$R$1272,'All Units'!$G$5:$G$1272,$B21,'All Units'!$H$5:$H$1272,$C21,'All Units'!$J$5:$J$1272,"Low")/1000000,"$0.000")&"M to "&TEXT(_xlfn.MAXIFS('All Units'!$R$5:$R$1272,'All Units'!$G$5:$G$1272,$B21,'All Units'!$H$5:$H$1272,$C21,'All Units'!$J$5:$J$1272,"Low")/1000000,"$0.000")&"M") -> $1.544M to $1.701M | F21: =IF(COUNTIFS('All Units'!$G$5:$G$1272,$B21,'All Units'!$H$5:$H$1272,$C21,'All Units'!$J$5:$J$1272,"Mid")=0,"-",TEXT(_xlfn.MINIFS('All Units'!$R$5:$R$1272,'All Units'!$G$5:$G$1272,$B21,'All Units'!$H$5:$H$1272,$C21,'All Units'!$J$5:$J$1272,"Mid")/1000000,"$0.000")&"M to "&TEXT(_xlfn.MAXIFS('All Units'!$R$5:$R$1272,'All Units'!$G$5:$G$1272,$B21,'All Units'!$H$5:$H$1272,$C21,'All Units'!$J$5:$J$1272,"Mid")/1000000,"$0.000")&"M") -> $1.613M to $1.799M | G21: =IF(COUNTIFS('All Units'!$G$5:$G$1272,$B21,'All Units'!$H$5:$H$1272,$C21,'All Units'!$J$5:$J$1272,"High")=0,"-",TEXT(_xlfn.MINIFS('All Units'!$R$5:$R$1272,'All Units'!$G$5:$G$1272,$B21,'All Units'!$H$5:$H$1272,$C21,'All Units'!$J$5:$J$1272,"High")/1000000,"$0.000")&"M to "&TEXT(_xlfn.MAXIFS('All Units'!$R$5:$R$1272,'All Units'!$G$5:$G$1272,$B21,'All Units'!$H$5:$H$1272,$C21,'All Units'!$J$5:$J$1272,"High")/1000000,"$0.000")&"M") -> $1.712M to $1.877M | H21: =_xlfn.MINIFS('All Units'!$R$5:$R$1272,'All Units'!$G$5:$G$1272,$B21,'All Units'!$H$5:$H$1272,$C21) -> 1544000 | I21: =_xlfn.MAXIFS('All Units'!$R$5:$R$1272,'All Units'!$G$5:$G$1272,$B21,'All Units'!$H$5:$H$1272,$C21) -> 1877200
A22: Total 2 Bedroom | B22: 592 | D22: =SUM(D21:D21) -> 100 | H22: =MIN(H21:H21) -> 1544000 | I22: =MAX(I21:I21) -> 1877200 | J22: 100 | K22: =IF(D22=J22,"Yes","CHECK") -> Yes
A23: 2 Bedroom Premium | B23: 678 | C23: Classic | D23: =COUNTIFS('All Units'!$G$5:$G$1272,$B23,'All Units'!$H$5:$H$1272,$C23) -> 240 | E23: =IF(COUNTIFS('All Units'!$G$5:$G$1272,$B23,'All Units'!$H$5:$H$1272,$C23,'All Units'!$J$5:$J$1272,"Low")=0,"-",TEXT(_xlfn.MINIFS('All Units'!$R$5:$R$1272,'All Units'!$G$5:$G$1272,$B23,'All Units'!$H$5:$H$1272,$C23,'All Units'!$J$5:$J$1272,"Low")/1000000,"$0.000")&"M to "&TEXT(_xlfn.MAXIFS('All Units'!$R$5:$R$1272,'All Units'!$G$5:$G$1272,$B23,'All Units'!$H$5:$H$1272,$C23,'All Units'!$J$5:$J$1272,"Low")/1000000,"$0.000")&"M") -> $1.772M to $1.924M | F23: =IF(COUNTIFS('All Units'!$G$5:$G$1272,$B23,'All Units'!$H$5:$H$1272,$C23,'All Units'!$J$5:$J$1272,"Mid")=0,"-",TEXT(_xlfn.MINIFS('All Units'!$R$5:$R$1272,'All Units'!$G$5:$G$1272,$B23,'All Units'!$H$5:$H$1272,$C23,'All Units'!$J$5:$J$1272,"Mid")/1000000,"$0.000")&"M to "&TEXT(_xlfn.MAXIFS('All Units'!$R$5:$R$1272,'All Units'!$G$5:$G$1272,$B23,'All Units'!$H$5:$H$1272,$C23,'All Units'!$J$5:$J$1272,"Mid")/1000000,"$0.000")&"M") -> $1.835M to $2.026M | G23: =IF(COUNTIFS('All Units'!$G$5:$G$1272,$B23,'All Units'!$H$5:$H$1272,$C23,'All Units'!$J$5:$J$1272,"High")=0,"-",TEXT(_xlfn.MINIFS('All Units'!$R$5:$R$1272,'All Units'!$G$5:$G$1272,$B23,'All Units'!$H$5:$H$1272,$C23,'All Units'!$J$5:$J$1272,"High")/1000000,"$0.000")&"M to "&TEXT(_xlfn.MAXIFS('All Units'!$R$5:$R$1272,'All Units'!$G$5:$G$1272,$B23,'All Units'!$H$5:$H$1272,$C23,'All Units'!$J$5:$J$1272,"High")/1000000,"$0.000")&"M") -> $1.941M to $2.119M | H23: =_xlfn.MINIFS('All Units'!$R$5:$R$1272,'All Units'!$G$5:$G$1272,$B23,'All Units'!$H$5:$H$1272,$C23) -> 1772000 | I23: =_xlfn.MAXIFS('All Units'!$R$5:$R$1272,'All Units'!$G$5:$G$1272,$B23,'All Units'!$H$5:$H$1272,$C23) -> 2118800
A24: 2 Bedroom Premium | B24: 678 | C24: Luxury | D24: =COUNTIFS('All Units'!$G$5:$G$1272,$B24,'All Units'!$H$5:$H$1272,$C24) -> 176 | E24: =IF(COUNTIFS('All Units'!$G$5:$G$1272,$B24,'All Units'!$H$5:$H$1272,$C24,'All Units'!$J$5:$J$1272,"Low")=0,"-",TEXT(_xlfn.MINIFS('All Units'!$R$5:$R$1272,'All Units'!$G$5:$G$1272,$B24,'All Units'!$H$5:$H$1272,$C24,'All Units'!$J$5:$J$1272,"Low")/1000000,"$0.000")&"M to "&TEXT(_xlfn.MAXIFS('All Units'!$R$5:$R$1272,'All Units'!$G$5:$G$1272,$B24,'All Units'!$H$5:$H$1272,$C24,'All Units'!$J$5:$J$1272,"Low")/1000000,"$0.000")&"M") -> $1.873M to $2.142M | F24: =IF(COUNTIFS('All Units'!$G$5:$G$1272,$B24,'All Units'!$H$5:$H$1272,$C24,'All Units'!$J$5:$J$1272,"Mid")=0,"-",TEXT(_xlfn.MINIFS('All Units'!$R$5:$R$1272,'All Units'!$G$5:$G$1272,$B24,'All Units'!$H$5:$H$1272,$C24,'All Units'!$J$5:$J$1272,"Mid")/1000000,"$0.000")&"M to "&TEXT(_xlfn.MAXIFS('All Units'!$R$5:$R$1272,'All Units'!$G$5:$G$1272,$B24,'All Units'!$H$5:$H$1272,$C24,'All Units'!$J$5:$J$1272,"Mid")/1000000,"$0.000")&"M") -> $2.055M to $2.233M | G24: =IF(COUNTIFS('All Units'!$G$5:$G$1272,$B24,'All Units'!$H$5:$H$1272,$C24,'All Units'!$J$5:$J$1272,"High")=0,"-",TEXT(_xlfn.MINIFS('All Units'!$R$5:$R$1272,'All Units'!$G$5:$G$1272,$B24,'All Units'!$H$5:$H$1272,$C24,'All Units'!$J$5:$J$1272,"High")/1000000,"$0.000")&"M to "&TEXT(_xlfn.MAXIFS('All Units'!$R$5:$R$1272,'All Units'!$G$5:$G$1272,$B24,'All Units'!$H$5:$H$1272,$C24,'All Units'!$J$5:$J$1272,"High")/1000000,"$0.000")&"M") -> $2.141M to $2.311M | H24: =_xlfn.MINIFS('All Units'!$R$5:$R$1272,'All Units'!$G$5:$G$1272,$B24,'All Units'!$H$5:$H$1272,$C24) -> 1872600 | I24: =_xlfn.MAXIFS('All Units'!$R$5:$R$1272,'All Units'!$G$5:$G$1272,$B24,'All Units'!$H$5:$H$1272,$C24) -> 2310600
A25: Total 2 Bedroom Premium | B25: 678 | C25: Both | D25: =SUM(D23:D24) -> 416 | H25: =MIN(H23:H24) -> 1772000 | I25: =MAX(I23:I24) -> 2310600 | J25: 416 | K25: =IF(D25=J25,"Yes","CHECK") -> Yes
A26: 2 Bedroom Premium + Study | B26: 732 | C26: Classic | D26: =COUNTIFS('All Units'!$G$5:$G$1272,$B26,'All Units'!$H$5:$H$1272,$C26) -> 60 | E26: =IF(COUNTIFS('All Units'!$G$5:$G$1272,$B26,'All Units'!$H$5:$H$1272,$C26,'All Units'!$J$5:$J$1272,"Low")=0,"-",TEXT(_xlfn.MINIFS('All Units'!$R$5:$R$1272,'All Units'!$G$5:$G$1272,$B26,'All Units'!$H$5:$H$1272,$C26,'All Units'!$J$5:$J$1272,"Low")/1000000,"$0.000")&"M to "&TEXT(_xlfn.MAXIFS('All Units'!$R$5:$R$1272,'All Units'!$G$5:$G$1272,$B26,'All Units'!$H$5:$H$1272,$C26,'All Units'!$J$5:$J$1272,"Low")/1000000,"$0.000")&"M") -> $1.925M to $2.072M | F26: =IF(COUNTIFS('All Units'!$G$5:$G$1272,$B26,'All Units'!$H$5:$H$1272,$C26,'All Units'!$J$5:$J$1272,"Mid")=0,"-",TEXT(_xlfn.MINIFS('All Units'!$R$5:$R$1272,'All Units'!$G$5:$G$1272,$B26,'All Units'!$H$5:$H$1272,$C26,'All Units'!$J$5:$J$1272,"Mid")/1000000,"$0.000")&"M to "&TEXT(_xlfn.MAXIFS('All Units'!$R$5:$R$1272,'All Units'!$G$5:$G$1272,$B26,'All Units'!$H$5:$H$1272,$C26,'All Units'!$J$5:$J$1272,"Mid")/1000000,"$0.000")&"M") -> $2.023M to $2.203M | G26: =IF(COUNTIFS('All Units'!$G$5:$G$1272,$B26,'All Units'!$H$5:$H$1272,$C26,'All Units'!$J$5:$J$1272,"High")=0,"-",TEXT(_xlfn.MINIFS('All Units'!$R$5:$R$1272,'All Units'!$G$5:$G$1272,$B26,'All Units'!$H$5:$H$1272,$C26,'All Units'!$J$5:$J$1272,"High")/1000000,"$0.000")&"M to "&TEXT(_xlfn.MAXIFS('All Units'!$R$5:$R$1272,'All Units'!$G$5:$G$1272,$B26,'All Units'!$H$5:$H$1272,$C26,'All Units'!$J$5:$J$1272,"High")/1000000,"$0.000")&"M") -> $2.121M to $2.305M | H26: =_xlfn.MINIFS('All Units'!$R$5:$R$1272,'All Units'!$G$5:$G$1272,$B26,'All Units'!$H$5:$H$1272,$C26) -> 1925000 | I26: =_xlfn.MAXIFS('All Units'!$R$5:$R$1272,'All Units'!$G$5:$G$1272,$B26,'All Units'!$H$5:$H$1272,$C26) -> 2305100
A27: 2 Bedroom Premium + Study | B27: 732 | C27: Luxury | D27: =COUNTIFS('All Units'!$G$5:$G$1272,$B27,'All Units'!$H$5:$H$1272,$C27) -> 60 | E27: =IF(COUNTIFS('All Units'!$G$5:$G$1272,$B27,'All Units'!$H$5:$H$1272,$C27,'All Units'!$J$5:$J$1272,"Low")=0,"-",TEXT(_xlfn.MINIFS('All Units'!$R$5:$R$1272,'All Units'!$G$5:$G$1272,$B27,'All Units'!$H$5:$H$1272,$C27,'All Units'!$J$5:$J$1272,"Low")/1000000,"$0.000")&"M to "&TEXT(_xlfn.MAXIFS('All Units'!$R$5:$R$1272,'All Units'!$G$5:$G$1272,$B27,'All Units'!$H$5:$H$1272,$C27,'All Units'!$J$5:$J$1272,"Low")/1000000,"$0.000")&"M") -> $2.030M to $2.208M | F27: =IF(COUNTIFS('All Units'!$G$5:$G$1272,$B27,'All Units'!$H$5:$H$1272,$C27,'All Units'!$J$5:$J$1272,"Mid")=0,"-",TEXT(_xlfn.MINIFS('All Units'!$R$5:$R$1272,'All Units'!$G$5:$G$1272,$B27,'All Units'!$H$5:$H$1272,$C27,'All Units'!$J$5:$J$1272,"Mid")/1000000,"$0.000")&"M to "&TEXT(_xlfn.MAXIFS('All Units'!$R$5:$R$1272,'All Units'!$G$5:$G$1272,$B27,'All Units'!$H$5:$H$1272,$C27,'All Units'!$J$5:$J$1272,"Mid")/1000000,"$0.000")&"M") -> $2.209M to $2.407M | G27: =IF(COUNTIFS('All Units'!$G$5:$G$1272,$B27,'All Units'!$H$5:$H$1272,$C27,'All Units'!$J$5:$J$1272,"High")=0,"-",TEXT(_xlfn.MINIFS('All Units'!$R$5:$R$1272,'All Units'!$G$5:$G$1272,$B27,'All Units'!$H$5:$H$1272,$C27,'All Units'!$J$5:$J$1272,"High")/1000000,"$0.000")&"M to "&TEXT(_xlfn.MAXIFS('All Units'!$R$5:$R$1272,'All Units'!$G$5:$G$1272,$B27,'All Units'!$H$5:$H$1272,$C27,'All Units'!$J$5:$J$1272,"High")/1000000,"$0.000")&"M") -> $2.320M to $2.481M | H27: =_xlfn.MINIFS('All Units'!$R$5:$R$1272,'All Units'!$G$5:$G$1272,$B27,'All Units'!$H$5:$H$1272,$C27) -> 2029800 | I27: =_xlfn.MAXIFS('All Units'!$R$5:$R$1272,'All Units'!$G$5:$G$1272,$B27,'All Units'!$H$5:$H$1272,$C27) -> 2480700
A28: 2 Bedroom Premium + Study | B28: 775 | C28: Classic | D28: =COUNTIFS('All Units'!$G$5:$G$1272,$B28,'All Units'!$H$5:$H$1272,$C28) -> 20 | E28: =IF(COUNTIFS('All Units'!$G$5:$G$1272,$B28,'All Units'!$H$5:$H$1272,$C28,'All Units'!$J$5:$J$1272,"Low")=0,"-",TEXT(_xlfn.MINIFS('All Units'!$R$5:$R$1272,'All Units'!$G$5:$G$1272,$B28,'All Units'!$H$5:$H$1272,$C28,'All Units'!$J$5:$J$1272,"Low")/1000000,"$0.000")&"M to "&TEXT(_xlfn.MAXIFS('All Units'!$R$5:$R$1272,'All Units'!$G$5:$G$1272,$B28,'All Units'!$H$5:$H$1272,$C28,'All Units'!$J$5:$J$1272,"Low")/1000000,"$0.000")&"M") -> $2.054M to $2.135M | F28: =IF(COUNTIFS('All Units'!$G$5:$G$1272,$B28,'All Units'!$H$5:$H$1272,$C28,'All Units'!$J$5:$J$1272,"Mid")=0,"-",TEXT(_xlfn.MINIFS('All Units'!$R$5:$R$1272,'All Units'!$G$5:$G$1272,$B28,'All Units'!$H$5:$H$1272,$C28,'All Units'!$J$5:$J$1272,"Mid")/1000000,"$0.000")&"M to "&TEXT(_xlfn.MAXIFS('All Units'!$R$5:$R$1272,'All Units'!$G$5:$G$1272,$B28,'All Units'!$H$5:$H$1272,$C28,'All Units'!$J$5:$J$1272,"Mid")/1000000,"$0.000")&"M") -> $2.151M to $2.267M | G28: =IF(COUNTIFS('All Units'!$G$5:$G$1272,$B28,'All Units'!$H$5:$H$1272,$C28,'All Units'!$J$5:$J$1272,"High")=0,"-",TEXT(_xlfn.MINIFS('All Units'!$R$5:$R$1272,'All Units'!$G$5:$G$1272,$B28,'All Units'!$H$5:$H$1272,$C28,'All Units'!$J$5:$J$1272,"High")/1000000,"$0.000")&"M to "&TEXT(_xlfn.MAXIFS('All Units'!$R$5:$R$1272,'All Units'!$G$5:$G$1272,$B28,'All Units'!$H$5:$H$1272,$C28,'All Units'!$J$5:$J$1272,"High")/1000000,"$0.000")&"M") -> $2.283M to $2.367M | H28: =_xlfn.MINIFS('All Units'!$R$5:$R$1272,'All Units'!$G$5:$G$1272,$B28,'All Units'!$H$5:$H$1272,$C28) -> 2053800 | I28: =_xlfn.MAXIFS('All Units'!$R$5:$R$1272,'All Units'!$G$5:$G$1272,$B28,'All Units'!$H$5:$H$1272,$C28) -> 2366900
A29: 2 Bedroom Premium + Study | B29: 775 | C29: Luxury | D29: =COUNTIFS('All Units'!$G$5:$G$1272,$B29,'All Units'!$H$5:$H$1272,$C29) -> 60 | E29: =IF(COUNTIFS('All Units'!$G$5:$G$1272,$B29,'All Units'!$H$5:$H$1272,$C29,'All Units'!$J$5:$J$1272,"Low")=0,"-",TEXT(_xlfn.MINIFS('All Units'!$R$5:$R$1272,'All Units'!$G$5:$G$1272,$B29,'All Units'!$H$5:$H$1272,$C29,'All Units'!$J$5:$J$1272,"Low")/1000000,"$0.000")&"M to "&TEXT(_xlfn.MAXIFS('All Units'!$R$5:$R$1272,'All Units'!$G$5:$G$1272,$B29,'All Units'!$H$5:$H$1272,$C29,'All Units'!$J$5:$J$1272,"Low")/1000000,"$0.000")&"M") -> $2.087M to $2.289M | F29: =IF(COUNTIFS('All Units'!$G$5:$G$1272,$B29,'All Units'!$H$5:$H$1272,$C29,'All Units'!$J$5:$J$1272,"Mid")=0,"-",TEXT(_xlfn.MINIFS('All Units'!$R$5:$R$1272,'All Units'!$G$5:$G$1272,$B29,'All Units'!$H$5:$H$1272,$C29,'All Units'!$J$5:$J$1272,"Mid")/1000000,"$0.000")&"M to "&TEXT(_xlfn.MAXIFS('All Units'!$R$5:$R$1272,'All Units'!$G$5:$G$1272,$B29,'All Units'!$H$5:$H$1272,$C29,'All Units'!$J$5:$J$1272,"Mid")/1000000,"$0.000")&"M") -> $2.292M to $2.463M | G29: =IF(COUNTIFS('All Units'!$G$5:$G$1272,$B29,'All Units'!$H$5:$H$1272,$C29,'All Units'!$J$5:$J$1272,"High")=0,"-",TEXT(_xlfn.MINIFS('All Units'!$R$5:$R$1272,'All Units'!$G$5:$G$1272,$B29,'All Units'!$H$5:$H$1272,$C29,'All Units'!$J$5:$J$1272,"High")/1000000,"$0.000")&"M to "&TEXT(_xlfn.MAXIFS('All Units'!$R$5:$R$1272,'All Units'!$G$5:$G$1272,$B29,'All Units'!$H$5:$H$1272,$C29,'All Units'!$J$5:$J$1272,"High")/1000000,"$0.000")&"M") -> $2.383M to $2.556M | H29: =_xlfn.MINIFS('All Units'!$R$5:$R$1272,'All Units'!$G$5:$G$1272,$B29,'All Units'!$H$5:$H$1272,$C29) -> 2087100 | I29: =_xlfn.MAXIFS('All Units'!$R$5:$R$1272,'All Units'!$G$5:$G$1272,$B29,'All Units'!$H$5:$H$1272,$C29) -> 2556000
A30: Total 2 Bedroom Premium + Study | B30: 732 / 775 | C30: Both | D30: =SUM(D26:D29) -> 200 | H30: =MIN(H26:H29) -> 1925000 | I30: =MAX(I26:I29) -> 2556000 | J30: 200 | K30: =IF(D30=J30,"Yes","CHECK") -> Yes
A31: 3 Bedroom | B31: 947 | C31: Classic | D31: =COUNTIFS('All Units'!$G$5:$G$1272,$B31,'All Units'!$H$5:$H$1272,$C31) -> 60 | E31: =IF(COUNTIFS('All Units'!$G$5:$G$1272,$B31,'All Units'!$H$5:$H$1272,$C31,'All Units'!$J$5:$J$1272,"Low")=0,"-",TEXT(_xlfn.MINIFS('All Units'!$R$5:$R$1272,'All Units'!$G$5:$G$1272,$B31,'All Units'!$H$5:$H$1272,$C31,'All Units'!$J$5:$J$1272,"Low")/1000000,"$0.000")&"M to "&TEXT(_xlfn.MAXIFS('All Units'!$R$5:$R$1272,'All Units'!$G$5:$G$1272,$B31,'All Units'!$H$5:$H$1272,$C31,'All Units'!$J$5:$J$1272,"Low")/1000000,"$0.000")&"M") -> $2.503M to $2.688M | F31: =IF(COUNTIFS('All Units'!$G$5:$G$1272,$B31,'All Units'!$H$5:$H$1272,$C31,'All Units'!$J$5:$J$1272,"Mid")=0,"-",TEXT(_xlfn.MINIFS('All Units'!$R$5:$R$1272,'All Units'!$G$5:$G$1272,$B31,'All Units'!$H$5:$H$1272,$C31,'All Units'!$J$5:$J$1272,"Mid")/1000000,"$0.000")&"M to "&TEXT(_xlfn.MAXIFS('All Units'!$R$5:$R$1272,'All Units'!$G$5:$G$1272,$B31,'All Units'!$H$5:$H$1272,$C31,'All Units'!$J$5:$J$1272,"Mid")/1000000,"$0.000")&"M") -> $2.601M to $2.814M | G31: =IF(COUNTIFS('All Units'!$G$5:$G$1272,$B31,'All Units'!$H$5:$H$1272,$C31,'All Units'!$J$5:$J$1272,"High")=0,"-",TEXT(_xlfn.MINIFS('All Units'!$R$5:$R$1272,'All Units'!$G$5:$G$1272,$B31,'All Units'!$H$5:$H$1272,$C31,'All Units'!$J$5:$J$1272,"High")/1000000,"$0.000")&"M to "&TEXT(_xlfn.MAXIFS('All Units'!$R$5:$R$1272,'All Units'!$G$5:$G$1272,$B31,'All Units'!$H$5:$H$1272,$C31,'All Units'!$J$5:$J$1272,"High")/1000000,"$0.000")&"M") -> $2.737M to $2.953M | H31: =_xlfn.MINIFS('All Units'!$R$5:$R$1272,'All Units'!$G$5:$G$1272,$B31,'All Units'!$H$5:$H$1272,$C31) -> 2503000 | I31: =_xlfn.MAXIFS('All Units'!$R$5:$R$1272,'All Units'!$G$5:$G$1272,$B31,'All Units'!$H$5:$H$1272,$C31) -> 2952700
A32: 3 Bedroom | B32: 947 | C32: Luxury | D32: =COUNTIFS('All Units'!$G$5:$G$1272,$B32,'All Units'!$H$5:$H$1272,$C32) -> 60 | E32: =IF(COUNTIFS('All Units'!$G$5:$G$1272,$B32,'All Units'!$H$5:$H$1272,$C32,'All Units'!$J$5:$J$1272,"Low")=0,"-",TEXT(_xlfn.MINIFS('All Units'!$R$5:$R$1272,'All Units'!$G$5:$G$1272,$B32,'All Units'!$H$5:$H$1272,$C32,'All Units'!$J$5:$J$1272,"Low")/1000000,"$0.000")&"M to "&TEXT(_xlfn.MAXIFS('All Units'!$R$5:$R$1272,'All Units'!$G$5:$G$1272,$B32,'All Units'!$H$5:$H$1272,$C32,'All Units'!$J$5:$J$1272,"Low")/1000000,"$0.000")&"M") -> $2.598M to $2.814M | F32: =IF(COUNTIFS('All Units'!$G$5:$G$1272,$B32,'All Units'!$H$5:$H$1272,$C32,'All Units'!$J$5:$J$1272,"Mid")=0,"-",TEXT(_xlfn.MINIFS('All Units'!$R$5:$R$1272,'All Units'!$G$5:$G$1272,$B32,'All Units'!$H$5:$H$1272,$C32,'All Units'!$J$5:$J$1272,"Mid")/1000000,"$0.000")&"M to "&TEXT(_xlfn.MAXIFS('All Units'!$R$5:$R$1272,'All Units'!$G$5:$G$1272,$B32,'All Units'!$H$5:$H$1272,$C32,'All Units'!$J$5:$J$1272,"Mid")/1000000,"$0.000")&"M") -> $2.826M to $2.956M | G32: =IF(COUNTIFS('All Units'!$G$5:$G$1272,$B32,'All Units'!$H$5:$H$1272,$C32,'All Units'!$J$5:$J$1272,"High")=0,"-",TEXT(_xlfn.MINIFS('All Units'!$R$5:$R$1272,'All Units'!$G$5:$G$1272,$B32,'All Units'!$H$5:$H$1272,$C32,'All Units'!$J$5:$J$1272,"High")/1000000,"$0.000")&"M to "&TEXT(_xlfn.MAXIFS('All Units'!$R$5:$R$1272,'All Units'!$G$5:$G$1272,$B32,'All Units'!$H$5:$H$1272,$C32,'All Units'!$J$5:$J$1272,"High")/1000000,"$0.000")&"M") -> $2.973M to $3.107M | H32: =_xlfn.MINIFS('All Units'!$R$5:$R$1272,'All Units'!$G$5:$G$1272,$B32,'All Units'!$H$5:$H$1272,$C32) -> 2597600 | I32: =_xlfn.MAXIFS('All Units'!$R$5:$R$1272,'All Units'!$G$5:$G$1272,$B32,'All Units'!$H$5:$H$1272,$C32) -> 3107100
A33: Total 3 Bedroom | B33: 947 | C33: Both | D33: =SUM(D31:D32) -> 120 | H33: =MIN(H31:H32) -> 2503000 | I33: =MAX(I31:I32) -> 3107100 | J33: 120 | K33: =IF(D33=J33,"Yes","CHECK") -> Yes
A34: 3 Bedroom Premium | B34: 1055 | C34: Classic | D34: =COUNTIFS('All Units'!$G$5:$G$1272,$B34,'All Units'!$H$5:$H$1272,$C34) -> 140 | E34: =IF(COUNTIFS('All Units'!$G$5:$G$1272,$B34,'All Units'!$H$5:$H$1272,$C34,'All Units'!$J$5:$J$1272,"Low")=0,"-",TEXT(_xlfn.MINIFS('All Units'!$R$5:$R$1272,'All Units'!$G$5:$G$1272,$B34,'All Units'!$H$5:$H$1272,$C34,'All Units'!$J$5:$J$1272,"Low")/1000000,"$0.000")&"M to "&TEXT(_xlfn.MAXIFS('All Units'!$R$5:$R$1272,'All Units'!$G$5:$G$1272,$B34,'All Units'!$H$5:$H$1272,$C34,'All Units'!$J$5:$J$1272,"Low")/1000000,"$0.000")&"M") -> $2.777M to $2.956M | F34: =IF(COUNTIFS('All Units'!$G$5:$G$1272,$B34,'All Units'!$H$5:$H$1272,$C34,'All Units'!$J$5:$J$1272,"Mid")=0,"-",TEXT(_xlfn.MINIFS('All Units'!$R$5:$R$1272,'All Units'!$G$5:$G$1272,$B34,'All Units'!$H$5:$H$1272,$C34,'All Units'!$J$5:$J$1272,"Mid")/1000000,"$0.000")&"M to "&TEXT(_xlfn.MAXIFS('All Units'!$R$5:$R$1272,'All Units'!$G$5:$G$1272,$B34,'All Units'!$H$5:$H$1272,$C34,'All Units'!$J$5:$J$1272,"Mid")/1000000,"$0.000")&"M") -> $2.875M to $3.121M | G34: =IF(COUNTIFS('All Units'!$G$5:$G$1272,$B34,'All Units'!$H$5:$H$1272,$C34,'All Units'!$J$5:$J$1272,"High")=0,"-",TEXT(_xlfn.MINIFS('All Units'!$R$5:$R$1272,'All Units'!$G$5:$G$1272,$B34,'All Units'!$H$5:$H$1272,$C34,'All Units'!$J$5:$J$1272,"High")/1000000,"$0.000")&"M to "&TEXT(_xlfn.MAXIFS('All Units'!$R$5:$R$1272,'All Units'!$G$5:$G$1272,$B34,'All Units'!$H$5:$H$1272,$C34,'All Units'!$J$5:$J$1272,"High")/1000000,"$0.000")&"M") -> $3.049M to $3.260M | H34: =_xlfn.MINIFS('All Units'!$R$5:$R$1272,'All Units'!$G$5:$G$1272,$B34,'All Units'!$H$5:$H$1272,$C34) -> 2777000 | I34: =_xlfn.MAXIFS('All Units'!$R$5:$R$1272,'All Units'!$G$5:$G$1272,$B34,'All Units'!$H$5:$H$1272,$C34) -> 3260000
A35: 3 Bedroom Premium | B35: 1055 | C35: Luxury | D35: =COUNTIFS('All Units'!$G$5:$G$1272,$B35,'All Units'!$H$5:$H$1272,$C35) -> 30 | E35: =IF(COUNTIFS('All Units'!$G$5:$G$1272,$B35,'All Units'!$H$5:$H$1272,$C35,'All Units'!$J$5:$J$1272,"Low")=0,"-",TEXT(_xlfn.MINIFS('All Units'!$R$5:$R$1272,'All Units'!$G$5:$G$1272,$B35,'All Units'!$H$5:$H$1272,$C35,'All Units'!$J$5:$J$1272,"Low")/1000000,"$0.000")&"M to "&TEXT(_xlfn.MAXIFS('All Units'!$R$5:$R$1272,'All Units'!$G$5:$G$1272,$B35,'All Units'!$H$5:$H$1272,$C35,'All Units'!$J$5:$J$1272,"Low")/1000000,"$0.000")&"M") -> $2.929M to $3.085M | F35: =IF(COUNTIFS('All Units'!$G$5:$G$1272,$B35,'All Units'!$H$5:$H$1272,$C35,'All Units'!$J$5:$J$1272,"Mid")=0,"-",TEXT(_xlfn.MINIFS('All Units'!$R$5:$R$1272,'All Units'!$G$5:$G$1272,$B35,'All Units'!$H$5:$H$1272,$C35,'All Units'!$J$5:$J$1272,"Mid")/1000000,"$0.000")&"M to "&TEXT(_xlfn.MAXIFS('All Units'!$R$5:$R$1272,'All Units'!$G$5:$G$1272,$B35,'All Units'!$H$5:$H$1272,$C35,'All Units'!$J$5:$J$1272,"Mid")/1000000,"$0.000")&"M") -> $3.101M to $3.261M | G35: =IF(COUNTIFS('All Units'!$G$5:$G$1272,$B35,'All Units'!$H$5:$H$1272,$C35,'All Units'!$J$5:$J$1272,"High")=0,"-",TEXT(_xlfn.MINIFS('All Units'!$R$5:$R$1272,'All Units'!$G$5:$G$1272,$B35,'All Units'!$H$5:$H$1272,$C35,'All Units'!$J$5:$J$1272,"High")/1000000,"$0.000")&"M to "&TEXT(_xlfn.MAXIFS('All Units'!$R$5:$R$1272,'All Units'!$G$5:$G$1272,$B35,'All Units'!$H$5:$H$1272,$C35,'All Units'!$J$5:$J$1272,"High")/1000000,"$0.000")&"M") -> $3.282M to $3.433M | H35: =_xlfn.MINIFS('All Units'!$R$5:$R$1272,'All Units'!$G$5:$G$1272,$B35,'All Units'!$H$5:$H$1272,$C35) -> 2928700 | I35: =_xlfn.MAXIFS('All Units'!$R$5:$R$1272,'All Units'!$G$5:$G$1272,$B35,'All Units'!$H$5:$H$1272,$C35) -> 3433000
A36: Total 3 Bedroom Premium | B36: 1,055 | C36: Both | D36: =SUM(D34:D35) -> 170 | H36: =MIN(H34:H35) -> 2777000 | I36: =MAX(I34:I35) -> 3433000 | J36: 170 | K36: =IF(D36=J36,"Yes","CHECK") -> Yes
A37: 3 Bedroom Premium + Study | B37: 1152 | C37: Classic | D37: =COUNTIFS('All Units'!$G$5:$G$1272,$B37,'All Units'!$H$5:$H$1272,$C37) -> 60 | E37: =IF(COUNTIFS('All Units'!$G$5:$G$1272,$B37,'All Units'!$H$5:$H$1272,$C37,'All Units'!$J$5:$J$1272,"Low")=0,"-",TEXT(_xlfn.MINIFS('All Units'!$R$5:$R$1272,'All Units'!$G$5:$G$1272,$B37,'All Units'!$H$5:$H$1272,$C37,'All Units'!$J$5:$J$1272,"Low")/1000000,"$0.000")&"M to "&TEXT(_xlfn.MAXIFS('All Units'!$R$5:$R$1272,'All Units'!$G$5:$G$1272,$B37,'All Units'!$H$5:$H$1272,$C37,'All Units'!$J$5:$J$1272,"Low")/1000000,"$0.000")&"M") -> $3.053M to $3.235M | F37: =IF(COUNTIFS('All Units'!$G$5:$G$1272,$B37,'All Units'!$H$5:$H$1272,$C37,'All Units'!$J$5:$J$1272,"Mid")=0,"-",TEXT(_xlfn.MINIFS('All Units'!$R$5:$R$1272,'All Units'!$G$5:$G$1272,$B37,'All Units'!$H$5:$H$1272,$C37,'All Units'!$J$5:$J$1272,"Mid")/1000000,"$0.000")&"M to "&TEXT(_xlfn.MAXIFS('All Units'!$R$5:$R$1272,'All Units'!$G$5:$G$1272,$B37,'All Units'!$H$5:$H$1272,$C37,'All Units'!$J$5:$J$1272,"Mid")/1000000,"$0.000")&"M") -> $3.165M to $3.396M | G37: =IF(COUNTIFS('All Units'!$G$5:$G$1272,$B37,'All Units'!$H$5:$H$1272,$C37,'All Units'!$J$5:$J$1272,"High")=0,"-",TEXT(_xlfn.MINIFS('All Units'!$R$5:$R$1272,'All Units'!$G$5:$G$1272,$B37,'All Units'!$H$5:$H$1272,$C37,'All Units'!$J$5:$J$1272,"High")/1000000,"$0.000")&"M to "&TEXT(_xlfn.MAXIFS('All Units'!$R$5:$R$1272,'All Units'!$G$5:$G$1272,$B37,'All Units'!$H$5:$H$1272,$C37,'All Units'!$J$5:$J$1272,"High")/1000000,"$0.000")&"M") -> $3.324M to $3.562M | H37: =_xlfn.MINIFS('All Units'!$R$5:$R$1272,'All Units'!$G$5:$G$1272,$B37,'All Units'!$H$5:$H$1272,$C37) -> 3052800 | I37: =_xlfn.MAXIFS('All Units'!$R$5:$R$1272,'All Units'!$G$5:$G$1272,$B37,'All Units'!$H$5:$H$1272,$C37) -> 3562000
A38: Total 3 Bedroom Premium + Study | B38: 1,152 | D38: =SUM(D37:D37) -> 60 | H38: =MIN(H37:H37) -> 3052800 | I38: =MAX(I37:I37) -> 3562000 | J38: 60 | K38: =IF(D38=J38,"Yes","CHECK") -> Yes
A39: 4 Bedroom | B39: 1238 | C39: Classic | D39: =COUNTIFS('All Units'!$G$5:$G$1272,$B39,'All Units'!$H$5:$H$1272,$C39) -> 60 | E39: =IF(COUNTIFS('All Units'!$G$5:$G$1272,$B39,'All Units'!$H$5:$H$1272,$C39,'All Units'!$J$5:$J$1272,"Low")=0,"-",TEXT(_xlfn.MINIFS('All Units'!$R$5:$R$1272,'All Units'!$G$5:$G$1272,$B39,'All Units'!$H$5:$H$1272,$C39,'All Units'!$J$5:$J$1272,"Low")/1000000,"$0.000")&"M to "&TEXT(_xlfn.MAXIFS('All Units'!$R$5:$R$1272,'All Units'!$G$5:$G$1272,$B39,'All Units'!$H$5:$H$1272,$C39,'All Units'!$J$5:$J$1272,"Low")/1000000,"$0.000")&"M") -> $3.388M to $3.533M | F39: =IF(COUNTIFS('All Units'!$G$5:$G$1272,$B39,'All Units'!$H$5:$H$1272,$C39,'All Units'!$J$5:$J$1272,"Mid")=0,"-",TEXT(_xlfn.MINIFS('All Units'!$R$5:$R$1272,'All Units'!$G$5:$G$1272,$B39,'All Units'!$H$5:$H$1272,$C39,'All Units'!$J$5:$J$1272,"Mid")/1000000,"$0.000")&"M to "&TEXT(_xlfn.MAXIFS('All Units'!$R$5:$R$1272,'All Units'!$G$5:$G$1272,$B39,'All Units'!$H$5:$H$1272,$C39,'All Units'!$J$5:$J$1272,"Mid")/1000000,"$0.000")&"M") -> $3.443M to $3.678M | G39: =IF(COUNTIFS('All Units'!$G$5:$G$1272,$B39,'All Units'!$H$5:$H$1272,$C39,'All Units'!$J$5:$J$1272,"High")=0,"-",TEXT(_xlfn.MINIFS('All Units'!$R$5:$R$1272,'All Units'!$G$5:$G$1272,$B39,'All Units'!$H$5:$H$1272,$C39,'All Units'!$J$5:$J$1272,"High")/1000000,"$0.000")&"M to "&TEXT(_xlfn.MAXIFS('All Units'!$R$5:$R$1272,'All Units'!$G$5:$G$1272,$B39,'All Units'!$H$5:$H$1272,$C39,'All Units'!$J$5:$J$1272,"High")/1000000,"$0.000")&"M") -> $3.608M to $3.854M | H39: =_xlfn.MINIFS('All Units'!$R$5:$R$1272,'All Units'!$G$5:$G$1272,$B39,'All Units'!$H$5:$H$1272,$C39) -> 3388000 | I39: =_xlfn.MAXIFS('All Units'!$R$5:$R$1272,'All Units'!$G$5:$G$1272,$B39,'All Units'!$H$5:$H$1272,$C39) -> 3853900
A40: 4 Bedroom | B40: 1238 | C40: Luxury | D40: =COUNTIFS('All Units'!$G$5:$G$1272,$B40,'All Units'!$H$5:$H$1272,$C40) -> 30 | E40: =IF(COUNTIFS('All Units'!$G$5:$G$1272,$B40,'All Units'!$H$5:$H$1272,$C40,'All Units'!$J$5:$J$1272,"Low")=0,"-",TEXT(_xlfn.MINIFS('All Units'!$R$5:$R$1272,'All Units'!$G$5:$G$1272,$B40,'All Units'!$H$5:$H$1272,$C40,'All Units'!$J$5:$J$1272,"Low")/1000000,"$0.000")&"M to "&TEXT(_xlfn.MAXIFS('All Units'!$R$5:$R$1272,'All Units'!$G$5:$G$1272,$B40,'All Units'!$H$5:$H$1272,$C40,'All Units'!$J$5:$J$1272,"Low")/1000000,"$0.000")&"M") -> $3.497M to $3.665M | F40: =IF(COUNTIFS('All Units'!$G$5:$G$1272,$B40,'All Units'!$H$5:$H$1272,$C40,'All Units'!$J$5:$J$1272,"Mid")=0,"-",TEXT(_xlfn.MINIFS('All Units'!$R$5:$R$1272,'All Units'!$G$5:$G$1272,$B40,'All Units'!$H$5:$H$1272,$C40,'All Units'!$J$5:$J$1272,"Mid")/1000000,"$0.000")&"M to "&TEXT(_xlfn.MAXIFS('All Units'!$R$5:$R$1272,'All Units'!$G$5:$G$1272,$B40,'All Units'!$H$5:$H$1272,$C40,'All Units'!$J$5:$J$1272,"Mid")/1000000,"$0.000")&"M") -> $3.681M to $3.853M | G40: =IF(COUNTIFS('All Units'!$G$5:$G$1272,$B40,'All Units'!$H$5:$H$1272,$C40,'All Units'!$J$5:$J$1272,"High")=0,"-",TEXT(_xlfn.MINIFS('All Units'!$R$5:$R$1272,'All Units'!$G$5:$G$1272,$B40,'All Units'!$H$5:$H$1272,$C40,'All Units'!$J$5:$J$1272,"High")/1000000,"$0.000")&"M to "&TEXT(_xlfn.MAXIFS('All Units'!$R$5:$R$1272,'All Units'!$G$5:$G$1272,$B40,'All Units'!$H$5:$H$1272,$C40,'All Units'!$J$5:$J$1272,"High")/1000000,"$0.000")&"M") -> $3.880M to $4.124M | H40: =_xlfn.MINIFS('All Units'!$R$5:$R$1272,'All Units'!$G$5:$G$1272,$B40,'All Units'!$H$5:$H$1272,$C40) -> 3497400 | I40: =_xlfn.MAXIFS('All Units'!$R$5:$R$1272,'All Units'!$G$5:$G$1272,$B40,'All Units'!$H$5:$H$1272,$C40) -> 4123800
A41: Total 4 Bedroom | B41: 1,238 | C41: Both | D41: =SUM(D39:D40) -> 90 | H41: =MIN(H39:H40) -> 3388000 | I41: =MAX(I39:I40) -> 4123800 | J41: 90 | K41: =IF(D41=J41,"Yes","CHECK") -> Yes
A42: 4 Bedroom Premium (w Private Lift) | B42: 1367 | C42: Luxury | D42: =COUNTIFS('All Units'!$G$5:$G$1272,$B42,'All Units'!$H$5:$H$1272,$C42) -> 56 | E42: =IF(COUNTIFS('All Units'!$G$5:$G$1272,$B42,'All Units'!$H$5:$H$1272,$C42,'All Units'!$J$5:$J$1272,"Low")=0,"-",TEXT(_xlfn.MINIFS('All Units'!$R$5:$R$1272,'All Units'!$G$5:$G$1272,$B42,'All Units'!$H$5:$H$1272,$C42,'All Units'!$J$5:$J$1272,"Low")/1000000,"$0.000")&"M to "&TEXT(_xlfn.MAXIFS('All Units'!$R$5:$R$1272,'All Units'!$G$5:$G$1272,$B42,'All Units'!$H$5:$H$1272,$C42,'All Units'!$J$5:$J$1272,"Low")/1000000,"$0.000")&"M") -> $3.828M to $4.085M | F42: =IF(COUNTIFS('All Units'!$G$5:$G$1272,$B42,'All Units'!$H$5:$H$1272,$C42,'All Units'!$J$5:$J$1272,"Mid")=0,"-",TEXT(_xlfn.MINIFS('All Units'!$R$5:$R$1272,'All Units'!$G$5:$G$1272,$B42,'All Units'!$H$5:$H$1272,$C42,'All Units'!$J$5:$J$1272,"Mid")/1000000,"$0.000")&"M to "&TEXT(_xlfn.MAXIFS('All Units'!$R$5:$R$1272,'All Units'!$G$5:$G$1272,$B42,'All Units'!$H$5:$H$1272,$C42,'All Units'!$J$5:$J$1272,"Mid")/1000000,"$0.000")&"M") -> $3.999M to $4.225M | G42: =IF(COUNTIFS('All Units'!$G$5:$G$1272,$B42,'All Units'!$H$5:$H$1272,$C42,'All Units'!$J$5:$J$1272,"High")=0,"-",TEXT(_xlfn.MINIFS('All Units'!$R$5:$R$1272,'All Units'!$G$5:$G$1272,$B42,'All Units'!$H$5:$H$1272,$C42,'All Units'!$J$5:$J$1272,"High")/1000000,"$0.000")&"M to "&TEXT(_xlfn.MAXIFS('All Units'!$R$5:$R$1272,'All Units'!$G$5:$G$1272,$B42,'All Units'!$H$5:$H$1272,$C42,'All Units'!$J$5:$J$1272,"High")/1000000,"$0.000")&"M") -> $4.161M to $4.588M | H42: =_xlfn.MINIFS('All Units'!$R$5:$R$1272,'All Units'!$G$5:$G$1272,$B42,'All Units'!$H$5:$H$1272,$C42) -> 3827600 | I42: =_xlfn.MAXIFS('All Units'!$R$5:$R$1272,'All Units'!$G$5:$G$1272,$B42,'All Units'!$H$5:$H$1272,$C42) -> 4587700
A43: Total 4 Bedroom Premium (w Private Lift) | B43: 1,367 | D43: =SUM(D42:D42) -> 56 | H43: =MIN(H42:H42) -> 3827600 | I43: =MAX(I42:I42) -> 4587700 | J43: 56 | K43: =IF(D43=J43,"Yes","CHECK") -> Yes
A44: 4 Bedroom Premium + Study (w Private Lift) | B44: 1485 | C44: Luxury | D44: =COUNTIFS('All Units'!$G$5:$G$1272,$B44,'All Units'!$H$5:$H$1272,$C44) -> 28 | E44: =IF(COUNTIFS('All Units'!$G$5:$G$1272,$B44,'All Units'!$H$5:$H$1272,$C44,'All Units'!$J$5:$J$1272,"Low")=0,"-",TEXT(_xlfn.MINIFS('All Units'!$R$5:$R$1272,'All Units'!$G$5:$G$1272,$B44,'All Units'!$H$5:$H$1272,$C44,'All Units'!$J$5:$J$1272,"Low")/1000000,"$0.000")&"M to "&TEXT(_xlfn.MAXIFS('All Units'!$R$5:$R$1272,'All Units'!$G$5:$G$1272,$B44,'All Units'!$H$5:$H$1272,$C44,'All Units'!$J$5:$J$1272,"Low")/1000000,"$0.000")&"M") -> $4.158M to $4.277M | F44: =IF(COUNTIFS('All Units'!$G$5:$G$1272,$B44,'All Units'!$H$5:$H$1272,$C44,'All Units'!$J$5:$J$1272,"Mid")=0,"-",TEXT(_xlfn.MINIFS('All Units'!$R$5:$R$1272,'All Units'!$G$5:$G$1272,$B44,'All Units'!$H$5:$H$1272,$C44,'All Units'!$J$5:$J$1272,"Mid")/1000000,"$0.000")&"M to "&TEXT(_xlfn.MAXIFS('All Units'!$R$5:$R$1272,'All Units'!$G$5:$G$1272,$B44,'All Units'!$H$5:$H$1272,$C44,'All Units'!$J$5:$J$1272,"Mid")/1000000,"$0.000")&"M") -> $4.292M to $4.519M | G44: =IF(COUNTIFS('All Units'!$G$5:$G$1272,$B44,'All Units'!$H$5:$H$1272,$C44,'All Units'!$J$5:$J$1272,"High")=0,"-",TEXT(_xlfn.MINIFS('All Units'!$R$5:$R$1272,'All Units'!$G$5:$G$1272,$B44,'All Units'!$H$5:$H$1272,$C44,'All Units'!$J$5:$J$1272,"High")/1000000,"$0.000")&"M to "&TEXT(_xlfn.MAXIFS('All Units'!$R$5:$R$1272,'All Units'!$G$5:$G$1272,$B44,'All Units'!$H$5:$H$1272,$C44,'All Units'!$J$5:$J$1272,"High")/1000000,"$0.000")&"M") -> $4.562M to $4.942M | H44: =_xlfn.MINIFS('All Units'!$R$5:$R$1272,'All Units'!$G$5:$G$1272,$B44,'All Units'!$H$5:$H$1272,$C44) -> 4158000 | I44: =_xlfn.MAXIFS('All Units'!$R$5:$R$1272,'All Units'!$G$5:$G$1272,$B44,'All Units'!$H$5:$H$1272,$C44) -> 4942100
A45: Total 4 Bedroom Premium + Study (w Private Lift) | B45: 1,485 | D45: =SUM(D44:D44) -> 28 | H45: =MIN(H44:H44) -> 4158000 | I45: =MAX(I44:I44) -> 4942100 | J45: 28 | K45: =IF(D45=J45,"Yes","CHECK") -> Yes
A46: 5 Bedroom Suite (w Private Lift) | B46: 1808 | C46: Luxury | D46: =COUNTIFS('All Units'!$G$5:$G$1272,$B46,'All Units'!$H$5:$H$1272,$C46) -> 28 | E46: =IF(COUNTIFS('All Units'!$G$5:$G$1272,$B46,'All Units'!$H$5:$H$1272,$C46,'All Units'!$J$5:$J$1272,"Low")=0,"-",TEXT(_xlfn.MINIFS('All Units'!$R$5:$R$1272,'All Units'!$G$5:$G$1272,$B46,'All Units'!$H$5:$H$1272,$C46,'All Units'!$J$5:$J$1272,"Low")/1000000,"$0.000")&"M to "&TEXT(_xlfn.MAXIFS('All Units'!$R$5:$R$1272,'All Units'!$G$5:$G$1272,$B46,'All Units'!$H$5:$H$1272,$C46,'All Units'!$J$5:$J$1272,"Low")/1000000,"$0.000")&"M") -> $5.062M to $5.207M | F46: =IF(COUNTIFS('All Units'!$G$5:$G$1272,$B46,'All Units'!$H$5:$H$1272,$C46,'All Units'!$J$5:$J$1272,"Mid")=0,"-",TEXT(_xlfn.MINIFS('All Units'!$R$5:$R$1272,'All Units'!$G$5:$G$1272,$B46,'All Units'!$H$5:$H$1272,$C46,'All Units'!$J$5:$J$1272,"Mid")/1000000,"$0.000")&"M to "&TEXT(_xlfn.MAXIFS('All Units'!$R$5:$R$1272,'All Units'!$G$5:$G$1272,$B46,'All Units'!$H$5:$H$1272,$C46,'All Units'!$J$5:$J$1272,"Mid")/1000000,"$0.000")&"M") -> $5.225M to $5.502M | G46: =IF(COUNTIFS('All Units'!$G$5:$G$1272,$B46,'All Units'!$H$5:$H$1272,$C46,'All Units'!$J$5:$J$1272,"High")=0,"-",TEXT(_xlfn.MINIFS('All Units'!$R$5:$R$1272,'All Units'!$G$5:$G$1272,$B46,'All Units'!$H$5:$H$1272,$C46,'All Units'!$J$5:$J$1272,"High")/1000000,"$0.000")&"M to "&TEXT(_xlfn.MAXIFS('All Units'!$R$5:$R$1272,'All Units'!$G$5:$G$1272,$B46,'All Units'!$H$5:$H$1272,$C46,'All Units'!$J$5:$J$1272,"High")/1000000,"$0.000")&"M") -> $5.554M to $6.017M | H46: =_xlfn.MINIFS('All Units'!$R$5:$R$1272,'All Units'!$G$5:$G$1272,$B46,'All Units'!$H$5:$H$1272,$C46) -> 5062400 | I46: =_xlfn.MAXIFS('All Units'!$R$5:$R$1272,'All Units'!$G$5:$G$1272,$B46,'All Units'!$H$5:$H$1272,$C46) -> 6017000
A47: Total 5 Bedroom Suite (w Private Lift) | B47: 1,808 | D47: =SUM(D46:D46) -> 28 | H47: =MIN(H46:H46) -> 5062400 | I47: =MAX(I46:I46) -> 6017000 | J47: 28 | K47: =IF(D47=J47,"Yes","CHECK") -> Yes
A48: Grand total | D48: =D22+D25+D30+D33+D36+D38+D41+D43+D45+D47 -> 1268 | J48: 1268 | K48: =IF(D48=J48,"Yes","CHECK") -> Yes
A49: Developer unit mix (Site & Floor Plan Summary, 15 Oct 2026): 2 Bedroom 100 | 2 Bedroom Premium 416 | 2 Bedroom Premium + Study 200 (732 sqft: 120, 775 sqft: 80) | 3 Bedroom 120 | 3 Bedroom Premium 170 | 3 Bedroom Premium + Study 60 | 4 Bedroom 90 | 4 Bedroom Premium (w Private Lift) 56 | 4 Bedroom Premium + Study (w Private Lift) 28 | 5 Bedroom Suite (w Private Lift) 28 | Total 1,268.
A51: Project chief floor guide: guide bands and average PSF vs model
A52: Unit type | B52: Size (sqft) | C52: Collection | D52: Guide bands | E52: Guide PSF (low / mid / high) | F52: Model avg PSF: low | G52: Model avg PSF: mid | H52: Model avg PSF: high | I52: Gap vs guide avg (low / mid / high)
A53: =Assumptions!$C$40 -> 2 Bedroom | B53: =Assumptions!$A$40 -> 592 | C53: =Assumptions!$B$40 -> Classic | D53: ="L"&Assumptions!$D$40&"-"&Assumptions!$E$40&" / L"&(Assumptions!$E$40+1)&"-"&Assumptions!$F$40&" / L"&(Assumptions!$F$40+1)&"-"&Assumptions!$G$40 -> L2-7 / L8-15 / L16-21 | E53: =Assumptions!$H$40&" / "&Assumptions!$I$40&" / "&Assumptions!$J$40 -> $2,700 / $2,800 to $2,900 / $3,000 | F53: =Assumptions!$S$40 -> 2722.2667 | G53: =Assumptions!$T$40 -> 2850.05 | H53: =Assumptions!$U$40 -> 3000 | I53: =Assumptions!$V$40 -> n/a / 0 / 0
A54: =Assumptions!$C$41 -> 2 Bedroom Premium | B54: =Assumptions!$A$41 -> 678 | C54: =Assumptions!$B$41 -> Classic | D54: ="L"&Assumptions!$D$41&"-"&Assumptions!$E$41&" / L"&(Assumptions!$E$41+1)&"-"&Assumptions!$F$41&" / L"&(Assumptions!$F$41+1)&"-"&Assumptions!$G$41 -> L2-7 / L8-15 / L16-21 | E54: =Assumptions!$H$41&" / "&Assumptions!$I$41&" / "&Assumptions!$J$41 -> $2,700 / $2,800 to $2,900 / $3,000 | F54: =Assumptions!$S$41 -> 2716.2639 | G54: =Assumptions!$T$41 -> 2849.9896 | H54: =Assumptions!$U$41 -> 3000.0556 | I54: =Assumptions!$V$41 -> n/a / 0 / 0
A55: =Assumptions!$C$42 -> 2 Bedroom Premium | B55: =Assumptions!$A$42 -> 678 | C55: =Assumptions!$B$42 -> Luxury | D55: ="L"&Assumptions!$D$42&"-"&Assumptions!$E$42&" / L"&(Assumptions!$E$42+1)&"-"&Assumptions!$F$42&" / L"&(Assumptions!$F$42+1)&"-"&Assumptions!$G$42 -> L1-14 / L15-21 / L22-30 | E55: =Assumptions!$H$42&" / "&Assumptions!$I$42&" / "&Assumptions!$J$42 -> $2,800 to $2,900 / $3,000 / $3,100 | F55: =Assumptions!$S$42 -> 2976.0375 | G55: =Assumptions!$T$42 -> 3190.2857 | H55: =Assumptions!$U$42 -> 3309.2407 | I55: =Assumptions!$V$42 -> +$126 / +$190 / +$209
A56: =Assumptions!$C$43 -> 2 Bedroom Premium + Study | B56: =Assumptions!$A$43 -> 732 | C56: =Assumptions!$B$43 -> Classic | D56: ="L"&Assumptions!$D$43&"-"&Assumptions!$E$43&" / L"&(Assumptions!$E$43+1)&"-"&Assumptions!$F$43&" / L"&(Assumptions!$F$43+1)&"-"&Assumptions!$G$43 -> L2-7 / L8-15 / L16-21 | E56: =Assumptions!$H$43&" / "&Assumptions!$I$43&" / "&Assumptions!$J$43 -> $2,700 / $2,800 to $2,900 / $3,000 | F56: =Assumptions!$S$43 -> 2729 | G56: =Assumptions!$T$43 -> 2852.1667 | H56: =Assumptions!$U$43 -> 3000 | I56: =Assumptions!$V$43 -> n/a / +$2 / 0
A57: =Assumptions!$C$44 -> 2 Bedroom Premium + Study | B57: =Assumptions!$A$44 -> 732 | C57: =Assumptions!$B$44 -> Luxury | D57: ="L"&Assumptions!$D$44&"-"&Assumptions!$E$44&" / L"&(Assumptions!$E$44+1)&"-"&Assumptions!$F$44&" / L"&(Assumptions!$F$44+1)&"-"&Assumptions!$G$44 -> L1-11 / L12-20 / L21-30 | E57: =Assumptions!$H$44&" / "&Assumptions!$I$44&" / "&Assumptions!$J$44 -> $2,800 to $2,900 / $3,000 / $3,100 | F57: =Assumptions!$S$44 -> 2888.2727 | G57: =Assumptions!$T$44 -> 3131.8889 | H57: =Assumptions!$U$44 -> 3279.5 | I57: =Assumptions!$V$44 -> +$38 / +$132 / +$180
A58: =Assumptions!$C$45 -> 2 Bedroom Premium + Study | B58: =Assumptions!$A$45 -> 775 | C58: =Assumptions!$B$45 -> Classic | D58: ="L"&Assumptions!$D$45&"-"&Assumptions!$E$45&" / L"&(Assumptions!$E$45+1)&"-"&Assumptions!$F$45&" / L"&(Assumptions!$F$45+1)&"-"&Assumptions!$G$45 -> L2-7 / L8-15 / L16-21 | E58: =Assumptions!$H$45&" / "&Assumptions!$I$45&" / "&Assumptions!$J$45 -> $2,700 / $2,800 to $2,900 / $3,000 | F58: =Assumptions!$S$45 -> 2702.5 | G58: =Assumptions!$T$45 -> 2850.125 | H58: =Assumptions!$U$45 -> 3000 | I58: =Assumptions!$V$45 -> n/a / 0 / 0
A59: =Assumptions!$C$46 -> 2 Bedroom Premium + Study | B59: =Assumptions!$A$46 -> 775 | C59: =Assumptions!$B$46 -> Luxury | D59: ="L"&Assumptions!$D$46&"-"&Assumptions!$E$46&" / L"&(Assumptions!$E$46+1)&"-"&Assumptions!$F$46&" / L"&(Assumptions!$F$46+1)&"-"&Assumptions!$G$46 -> L1-11 / L12-20 / L21-30 | E59: =Assumptions!$H$46&" / "&Assumptions!$I$46&" / "&Assumptions!$J$46 -> $2,800 to $2,900 / $3,000 / $3,100 | F59: =Assumptions!$S$46 -> 2851.9091 | G59: =Assumptions!$T$46 -> 3050 | H59: =Assumptions!$U$46 -> 3186.05 | I59: =Assumptions!$V$46 -> +$2 / +$50 / +$86
A60: =Assumptions!$C$47 -> 3 Bedroom | B60: =Assumptions!$A$47 -> 947 | C60: =Assumptions!$B$47 -> Classic | D60: ="L"&Assumptions!$D$47&"-"&Assumptions!$E$47&" / L"&(Assumptions!$E$47+1)&"-"&Assumptions!$F$47&" / L"&(Assumptions!$F$47+1)&"-"&Assumptions!$G$47 -> L2-8 / L9-15 / L16-21 | E60: =Assumptions!$H$47&" / "&Assumptions!$I$47&" / "&Assumptions!$J$47 -> $2,700 / $2,800 to $2,900 / $3,000 | F60: =Assumptions!$S$47 -> 2733.8095 | G60: =Assumptions!$T$47 -> 2850 | H60: =Assumptions!$U$47 -> 2999.8333 | I60: =Assumptions!$V$47 -> n/a / 0 / 0
A61: =Assumptions!$C$48 -> 3 Bedroom | B61: =Assumptions!$A$48 -> 947 | C61: =Assumptions!$B$48 -> Luxury | D61: ="L"&Assumptions!$D$48&"-"&Assumptions!$E$48&" / L"&(Assumptions!$E$48+1)&"-"&Assumptions!$F$48&" / L"&(Assumptions!$F$48+1)&"-"&Assumptions!$G$48 -> L1-11 / L12-20 / L21-30 | E61: =Assumptions!$H$48&" / "&Assumptions!$I$48&" / "&Assumptions!$J$48 -> $2,800 to $2,900 / $3,000 / $3,100 to $3,200 | F61: =Assumptions!$S$48 -> 2887.1364 | G61: =Assumptions!$T$48 -> 3052.3333 | H61: =Assumptions!$U$48 -> 3209.7 | I61: =Assumptions!$V$48 -> +$37 / +$52 / +$60
A62: =Assumptions!$C$49 -> 3 Bedroom Premium | B62: =Assumptions!$A$49 -> 1055 | C62: =Assumptions!$B$49 -> Classic | D62: ="L"&Assumptions!$D$49&"-"&Assumptions!$E$49&" / L"&(Assumptions!$E$49+1)&"-"&Assumptions!$F$49&" / L"&(Assumptions!$F$49+1)&"-"&Assumptions!$G$49 -> L2-8 / L9-16 / L17-21 | E62: =Assumptions!$H$49&" / "&Assumptions!$I$49&" / "&Assumptions!$J$49 -> $2,700 / $2,800 to $2,900 / $3,000 | F62: =Assumptions!$S$49 -> 2718.102 | G62: =Assumptions!$T$49 -> 2849.9286 | H62: =Assumptions!$U$49 -> 3000 | I62: =Assumptions!$V$49 -> n/a / 0 / 0
A63: =Assumptions!$C$50 -> 3 Bedroom Premium | B63: =Assumptions!$A$50 -> 1055 | C63: =Assumptions!$B$50 -> Luxury | D63: ="L"&Assumptions!$D$50&"-"&Assumptions!$E$50&" / L"&(Assumptions!$E$50+1)&"-"&Assumptions!$F$50&" / L"&(Assumptions!$F$50+1)&"-"&Assumptions!$G$50 -> L1-11 / L12-20 / L21-30 | E63: =Assumptions!$H$50&" / "&Assumptions!$I$50&" / "&Assumptions!$J$50 -> $2,800 to $2,900 / $3,000 / $3,100 to $3,200 | F63: =Assumptions!$S$50 -> 2850 | G63: =Assumptions!$T$50 -> 3012.8889 | H63: =Assumptions!$U$50 -> 3182.1 | I63: =Assumptions!$V$50 -> 0 / +$13 / +$32
A64: =Assumptions!$C$51 -> 3 Bedroom Premium + Study | B64: =Assumptions!$A$51 -> 1152 | C64: =Assumptions!$B$51 -> Classic | D64: ="L"&Assumptions!$D$51&"-"&Assumptions!$E$51&" / L"&(Assumptions!$E$51+1)&"-"&Assumptions!$F$51&" / L"&(Assumptions!$F$51+1)&"-"&Assumptions!$G$51 -> L2-8 / L9-15 / L16-21 | E64: =Assumptions!$H$51&" / "&Assumptions!$I$51&" / "&Assumptions!$J$51 -> $2,700 / $2,800 to $2,900 / $3,000 | F64: =Assumptions!$S$51 -> 2746.4286 | G64: =Assumptions!$T$51 -> 2850 | H64: =Assumptions!$U$51 -> 3000 | I64: =Assumptions!$V$51 -> n/a / 0 / 0
A65: =Assumptions!$C$52 -> 4 Bedroom | B65: =Assumptions!$A$52 -> 1238 | C65: =Assumptions!$B$52 -> Classic | D65: ="L"&Assumptions!$D$52&"-"&Assumptions!$E$52&" / L"&(Assumptions!$E$52+1)&"-"&Assumptions!$F$52&" / L"&(Assumptions!$F$52+1)&"-"&Assumptions!$G$52 -> L2-7 / L8-15 / L16-21 | E65: =Assumptions!$H$52&" / "&Assumptions!$I$52&" / "&Assumptions!$J$52 -> $2,700 / $2,800 to $2,900 / $3,000 | F65: =Assumptions!$S$52 -> 2794.1111 | G65: =Assumptions!$T$52 -> 2850.5 | H65: =Assumptions!$U$52 -> 2999.8889 | I65: =Assumptions!$V$52 -> n/a / +$1 / 0
A66: =Assumptions!$C$53 -> 4 Bedroom | B66: =Assumptions!$A$53 -> 1238 | C66: =Assumptions!$B$53 -> Luxury | D66: ="L"&Assumptions!$D$53&"-"&Assumptions!$E$53&" / L"&(Assumptions!$E$53+1)&"-"&Assumptions!$F$53&" / L"&(Assumptions!$F$53+1)&"-"&Assumptions!$G$53 -> L1-11 / L12-20 / L21-30 | E66: =Assumptions!$H$53&" / "&Assumptions!$I$53&" / "&Assumptions!$J$53 -> $2,800 to $2,900 / $3,000 / $3,100 to $3,300 | F66: =Assumptions!$S$53 -> 2892.7273 | G66: =Assumptions!$T$53 -> 3035.8889 | H66: =Assumptions!$U$53 -> 3232.1 | I66: =Assumptions!$V$53 -> +$43 / +$36 / +$32
A67: =Assumptions!$C$54 -> 4 Bedroom Premium (w Private Lift) | B67: =Assumptions!$A$54 -> 1367 | C67: =Assumptions!$B$54 -> Luxury | D67: ="L"&Assumptions!$D$54&"-"&Assumptions!$E$54&" / L"&(Assumptions!$E$54+1)&"-"&Assumptions!$F$54&" / L"&(Assumptions!$F$54+1)&"-"&Assumptions!$G$54 -> L3-14 / L15-20 / L21-30 | E67: =Assumptions!$H$54&" / "&Assumptions!$I$54&" / "&Assumptions!$J$54 -> $2,800 to $2,900 / $3,000 / $3,100 to $3,300 | F67: =Assumptions!$S$54 -> 2894 | G67: =Assumptions!$T$54 -> 3000 | H67: =Assumptions!$U$54 -> 3200 | I67: =Assumptions!$V$54 -> +$44 / 0 / 0
A68: =Assumptions!$C$55 -> 4 Bedroom Premium + Study (w Private Lift) | B68: =Assumptions!$A$55 -> 1485 | C68: =Assumptions!$B$55 -> Luxury | D68: ="L"&Assumptions!$D$55&"-"&Assumptions!$E$55&" / L"&(Assumptions!$E$55+1)&"-"&Assumptions!$F$55&" / L"&(Assumptions!$F$55+1)&"-"&Assumptions!$G$55 -> L3-11 / L12-20 / L21-30 | E68: =Assumptions!$H$55&" / "&Assumptions!$I$55&" / "&Assumptions!$J$55 -> $2,800 / $2,900 to $3,000 / $3,100 to $3,300 | F68: =Assumptions!$S$55 -> 2840 | G68: =Assumptions!$T$55 -> 2949.7778 | H68: =Assumptions!$U$55 -> 3200 | I68: =Assumptions!$V$55 -> n/a / 0 / 0
A69: =Assumptions!$C$56 -> 5 Bedroom Suite (w Private Lift) | B69: =Assumptions!$A$56 -> 1808 | C69: =Assumptions!$B$56 -> Luxury | D69: ="L"&Assumptions!$D$56&"-"&Assumptions!$E$56&" / L"&(Assumptions!$E$56+1)&"-"&Assumptions!$F$56&" / L"&(Assumptions!$F$56+1)&"-"&Assumptions!$G$56 -> L3-11 / L12-20 / L21-30 | E69: =Assumptions!$H$56&" / "&Assumptions!$I$56&" / "&Assumptions!$J$56 -> $2,800 / $2,900 to $3,000 / $3,100 to $3,300 | F69: =Assumptions!$S$56 -> 2840 | G69: =Assumptions!$T$56 -> 2949.7778 | H69: =Assumptions!$U$56 -> 3200 | I69: =Assumptions!$V$56 -> n/a / 0 / 0
A70: Classic low floors start at the developer starting price (guide reads "from $2,700"). Luxury sizes that also come in Classic run above the guide because Luxury must stay dearer than the best Classic stack on every floor.

Sheet All Units
A1: Thomson Reserve: All Units (1,268), indicative pricing
A2: Est. PSF = Floor curve PSF (project chief guide) + Stack position (up to +/- $50K, ranked by view), never below the developer starting PSF and never below the floor beneath it. Filter to build a client shortlist.
A4: Unit no. | B4: Blk | C4: Stack | D4: Level | E4: Unit type | F4: Type (floor plan) | G4: Size (sqft) | H4: Collection | I4: Tier | J4: Floor band (guide) | K4: Starting PSF | L4: Floor curve PSF | M4: Stack position $ | N4: Stack position PSF | O4: Curve + position PSF | P4: Premium stage | Q4: Est. PSF | R4: Est. price | S4: Flags | T4: Facing & view
A5: #21-01 | B5: 1 | C5: 1 | D5: 21 | E5: 3 Bedroom Premium | F5: CP2 | G5: 1055 | H5: Classic | I5: =Assumptions!$I$127 -> C | J5: =IF(D5<=Assumptions!$V$127,"Low",IF(D5<=Assumptions!$W$127,"Mid","High")) -> High | K5: =Assumptions!$Q$127 -> 2633 | L5: =INDEX(Assumptions!$K$61:$K$90,D5) -> 3042.1538 | M5: =IF(D5<=Assumptions!$G$127,Assumptions!$AK$127,IF(D5<Assumptions!$AH$127,Assumptions!$AK$127+(Assumptions!$AL$127-Assumptions!$AK$127)*(D5-Assumptions!$G$127)/(Assumptions!$AH$127-Assumptions!$G$127),IF(D5<Assumptions!$P$127,Assumptions!$AL$127+(Assumptions!$AM$127-Assumptions!$AL$127)*(D5-Assumptions!$AH$127)/(Assumptions!$P$127-Assumptions!$AH$127),Assumptions!$AM$127))) -> 50000 | N5: =M5/G5 -> 47.393365 | O5: =ROUND(L5+N5,0) -> 3090 | P5: =IF(D5>=Assumptions!$P$127,"High",IF(D5>=Assumptions!$AH$127,"Mid",IF(D5<=Assumptions!$G$127,"Low","Loading"))) -> High | Q5: =MAX(K5,MIN(Assumptions!$S$127,O5),Q6) -> 3090 | R5: =IF(AND(Q5<=K5,INDEX(Assumptions!$C$26:$C$36,MATCH(G5,Assumptions!$A$26:$A$36,0))<>""),INDEX(Assumptions!$C$26:$C$36,MATCH(G5,Assumptions!$A$26:$A$36,0)),ROUND(G5*Q5,-2)) -> 3260000 | S5: =TRIM(IF(AND(Assumptions!$L$127<>"",D5<Assumptions!$L$127),"View blocked / roof in front ("&Assumptions!$M$127&"); view premium still loading until L"&Assumptions!$L$127&". ","")&IF(D5=Assumptions!$AH$127,"Mid-floor view premium fully loaded. ","")&IF(D5=Assumptions!$P$127,"High-floor view premium fully loaded. ","")&IF(Q5<=K5,"At developer starting price.","")) | T5: =Assumptions!$AJ$127 -> SSE. Unblocked landed estate + nature reserve + city; MacRitchie Reservoir Park unblocked from mid floor; road noise on low floors. Tier C: below pool-facing 06/18 on low floors, dearer than them on high floors
A6: #20-01 | B6: 1 | C6: 1 | D6: 20 | E6: 3 Bedroom Premium | F6: CP2 | G6: 1055 | H6: Classic | I6: =Assumptions!$I$127 -> C | J6: =IF(D6<=Assumptions!$V$127,"Low",IF(D6<=Assumptions!$W$127,"Mid","High")) -> High | K6: =Assumptions!$Q$127 -> 2633 | L6: =INDEX(Assumptions!$K$61:$K$90,D6) -> 3015.8769 | M6: =IF(D6<=Assumptions!$G$127,Assumptions!$AK$127,IF(D6<Assumptions!$AH$127,Assumptions!$AK$127+(Assumptions!$AL$127-Assumptions!$AK$127)*(D6-Assumptions!$G$127)/(Assumptions!$AH$127-Assumptions!$G$127),IF(D6<Assumptions!$P$127,Assumptions!$AL$127+(Assumptions!$AM$127-Assumptions!$AL$127)*(D6-Assumptions!$AH$127)/(Assumptions!$P$127-Assumptions!$AH$127),Assumptions!$AM$127))) -> 50000 | N6: =M6/G6 -> 47.393365 | O6: =ROUND(L6+N6,0) -> 3063 | P6: =IF(D6>=Assumptions!$P$127,"High",IF(D6>=Assumptions!$AH$127,"Mid",IF(D6<=Assumptions!$G$127,"Low","Loading"))) -> High | Q6: =MAX(K6,MIN(Assumptions!$S$127,O6),Q7) -> 3063 | R6: =IF(AND(Q6<=K6,INDEX(Assumptions!$C$26:$C$36,MATCH(G6,Assumptions!$A$26:$A$36,0))<>""),INDEX(Assumptions!$C$26:$C$36,MATCH(G6,Assumptions!$A$26:$A$36,0)),ROUND(G6*Q6,-2)) -> 3231500 | S6: =TRIM(IF(AND(Assumptions!$L$127<>"",D6<Assumptions!$L$127),"View blocked / roof in front ("&Assumptions!$M$127&"); view premium still loading until L"&Assumptions!$L$127&". ","")&IF(D6=Assumptions!$AH$127,"Mid-floor view premium fully loaded. ","")&IF(D6=Assumptions!$P$127,"High-floor view premium fully loaded. ","")&IF(Q6<=K6,"At developer starting price.","")) | T6: =Assumptions!$AJ$127 -> SSE. Unblocked landed estate + nature reserve + city; MacRitchie Reservoir Park unblocked from mid floor; road noise on low floors. Tier C: below pool-facing 06/18 on low floors, dearer than them on high floors
A7: #19-01 | B7: 1 | C7: 1 | D7: 19 | E7: 3 Bedroom Premium | F7: CP2 | G7: 1055 | H7: Classic | I7: =Assumptions!$I$127 -> C | J7: =IF(D7<=Assumptions!$V$127,"Low",IF(D7<=Assumptions!$W$127,"Mid","High")) -> High | K7: =Assumptions!$Q$127 -> 2633 | L7: =INDEX(Assumptions!$K$61:$K$90,D7) -> 2989.6 | M7: =IF(D7<=Assumptions!$G$127,Assumptions!$AK$127,IF(D7<Assumptions!$AH$127,Assumptions!$AK$127+(Assumptions!$AL$127-Assumptions!$AK$127)*(D7-Assumptions!$G$127)/(Assumptions!$AH$127-Assumptions!$G$127),IF(D7<Assumptions!$P$127,Assumptions!$AL$127+(Assumptions!$AM$127-Assumptions!$AL$127)*(D7-Assumptions!$AH$127)/(Assumptions!$P$127-Assumptions!$AH$127),Assumptions!$AM$127))) -> 50000 | N7: =M7/G7 -> 47.393365 | O7: =ROUND(L7+N7,0) -> 3037 | P7: =IF(D7>=Assumptions!$P$127,"High",IF(D7>=Assumptions!$AH$127,"Mid",IF(D7<=Assumptions!$G$127,"Low","Loading"))) -> High | Q7: =MAX(K7,MIN(Assumptions!$S$127,O7),Q8) -> 3037 | R7: =IF(AND(Q7<=K7,INDEX(Assumptions!$C$26:$C$36,MATCH(G7,Assumptions!$A$26:$A$36,0))<>""),INDEX(Assumptions!$C$26:$C$36,MATCH(G7,Assumptions!$A$26:$A$36,0)),ROUND(G7*Q7,-2)) -> 3204000 | S7: =TRIM(IF(AND(Assumptions!$L$127<>"",D7<Assumptions!$L$127),"View blocked / roof in front ("&Assumptions!$M$127&"); view premium still loading until L"&Assumptions!$L$127&". ","")&IF(D7=Assumptions!$AH$127,"Mid-floor view premium fully loaded. ","")&IF(D7=Assumptions!$P$127,"High-floor view premium fully loaded. ","")&IF(Q7<=K7,"At developer starting price.","")) | T7: =Assumptions!$AJ$127 -> SSE. Unblocked landed estate + nature reserve + city; MacRitchie Reservoir Park unblocked from mid floor; road noise on low floors. Tier C: below pool-facing 06/18 on low floors, dearer than them on high floors
A8: #18-01 | B8: 1 | C8: 1 | D8: 18 | E8: 3 Bedroom Premium | F8: CP2 | G8: 1055 | H8: Classic | I8: =Assumptions!$I$127 -> C | J8: =IF(D8<=Assumptions!$V$127,"Low",IF(D8<=Assumptions!$W$127,"Mid","High")) -> High | K8: =Assumptions!$Q$127 -> 2633 | L8: =INDEX(Assumptions!$K$61:$K$90,D8) -> 2963.3231 | M8: =IF(D8<=Assumptions!$G$127,Assumptions!$AK$127,IF(D8<Assumptions!$AH$127,Assumptions!$AK$127+(Assumptions!$AL$127-Assumptions!$AK$127)*(D8-Assumptions!$G$127)/(Assumptions!$AH$127-Assumptions!$G$127),IF(D8<Assumptions!$P$127,Assumptions!$AL$127+(Assumptions!$AM$127-Assumptions!$AL$127)*(D8-Assumptions!$AH$127)/(Assumptions!$P$127-Assumptions!$AH$127),Assumptions!$AM$127))) -> 50000 | N8: =M8/G8 -> 47.393365 | O8: =ROUND(L8+N8,0) -> 3011 | P8: =IF(D8>=Assumptions!$P$127,"High",IF(D8>=Assumptions!$AH$127,"Mid",IF(D8<=Assumptions!$G$127,"Low","Loading"))) -> High | Q8: =MAX(K8,MIN(Assumptions!$S$127,O8),Q9) -> 3011 | R8: =IF(AND(Q8<=K8,INDEX(Assumptions!$C$26:$C$36,MATCH(G8,Assumptions!$A$26:$A$36,0))<>""),INDEX(Assumptions!$C$26:$C$36,MATCH(G8,Assumptions!$A$26:$A$36,0)),ROUND(G8*Q8,-2)) -> 3176600 | S8: =TRIM(IF(AND(Assumptions!$L$127<>"",D8<Assumptions!$L$127),"View blocked / roof in front ("&Assumptions!$M$127&"); view premium still loading until L"&Assumptions!$L$127&". ","")&IF(D8=Assumptions!$AH$127,"Mid-floor view premium fully loaded. ","")&IF(D8=Assumptions!$P$127,"High-floor view premium fully loaded. ","")&IF(Q8<=K8,"At developer starting price.","")) | T8: =Assumptions!$AJ$127 -> SSE. Unblocked landed estate + nature reserve + city; MacRitchie Reservoir Park unblocked from mid floor; road noise on low floors. Tier C: below pool-facing 06/18 on low floors, dearer than them on high floors
A9: #17-01 | B9: 1 | C9: 1 | D9: 17 | E9: 3 Bedroom Premium | F9: CP2 | G9: 1055 | H9: Classic | I9: =Assumptions!$I$127 -> C | J9: =IF(D9<=Assumptions!$V$127,"Low",IF(D9<=Assumptions!$W$127,"Mid","High")) -> High | K9: =Assumptions!$Q$127 -> 2633 | L9: =INDEX(Assumptions!$K$61:$K$90,D9) -> 2937.0462 | M9: =IF(D9<=Assumptions!$G$127,Assumptions!$AK$127,IF(D9<Assumptions!$AH$127,Assumptions!$AK$127+(Assumptions!$AL$127-Assumptions!$AK$127)*(D9-Assumptions!$G$127)/(Assumptions!$AH$127-Assumptions!$G$127),IF(D9<Assumptions!$P$127,Assumptions!$AL$127+(Assumptions!$AM$127-Assumptions!$AL$127)*(D9-Assumptions!$AH$127)/(Assumptions!$P$127-Assumptions!$AH$127),Assumptions!$AM$127))) -> 50000 | N9: =M9/G9 -> 47.393365 | O9: =ROUND(L9+N9,0) -> 2984 | P9: =IF(D9>=Assumptions!$P$127,"High",IF(D9>=Assumptions!$AH$127,"Mid",IF(D9<=Assumptions!$G$127,"Low","Loading"))) -> High | Q9: =MAX(K9,MIN(Assumptions!$S$127,O9),Q10) -> 2984 | R9: =IF(AND(Q9<=K9,INDEX(Assumptions!$C$26:$C$36,MATCH(G9,Assumptions!$A$26:$A$36,0))<>""),INDEX(Assumptions!$C$26:$C$36,MATCH(G9,Assumptions!$A$26:$A$36,0)),ROUND(G9*Q9,-2)) -> 3148100 | S9: =TRIM(IF(AND(Assumptions!$L$127<>"",D9<Assumptions!$L$127),"View blocked / roof in front ("&Assumptions!$M$127&"); view premium still loading until L"&Assumptions!$L$127&". ","")&IF(D9=Assumptions!$AH$127,"Mid-floor view premium fully loaded. ","")&IF(D9=Assumptions!$P$127,"High-floor view premium fully loaded. ","")&IF(Q9<=K9,"At developer starting price.","")) -> High-floor view premium fully loaded. | T9: =Assumptions!$AJ$127 -> SSE. Unblocked landed estate + nature reserve + city; MacRitchie Reservoir Park unblocked from mid floor; road noise on low floors. Tier C: below pool-facing 06/18 on low floors, dearer than them on high floors
A10: #16-01 | B10: 1 | C10: 1 | D10: 16 | E10: 3 Bedroom Premium | F10: CP2 | G10: 1055 | H10: Classic | I10: =Assumptions!$I$127 -> C | J10: =IF(D10<=Assumptions!$V$127,"Low",IF(D10<=Assumptions!$W$127,"Mid","High")) -> Mid | K10: =Assumptions!$Q$127 -> 2633 | L10: =INDEX(Assumptions!$K$61:$K$90,D10) -> 2910.7692 | M10: =IF(D10<=Assumptions!$G$127,Assumptions!$AK$127,IF(D10<Assumptions!$AH$127,Assumptions!$AK$127+(Assumptions!$AL$127-Assumptions!$AK$127)*(D10-Assumptions!$G$127)/(Assumptions!$AH$127-Assumptions!$G$127),IF(D10<Assumptions!$P$127,Assumptions!$AL$127+(Assumptions!$AM$127-Assumptions!$AL$127)*(D10-Assumptions!$AH$127)/(Assumptions!$P$127-Assumptions!$AH$127),Assumptions!$AM$127))) -> 50000 | N10: =M10/G10 -> 47.393365 | O10: =ROUND(L10+N10,0) -> 2958 | P10: =IF(D10>=Assumptions!$P$127,"High",IF(D10>=Assumptions!$AH$127,"Mid",IF(D10<=Assumptions!$G$127,"Low","Loading"))) -> Mid | Q10: =MAX(K10,MIN(Assumptions!$S$127,O10),Q11) -> 2958 | R10: =IF(AND(Q10<=K10,INDEX(Assumptions!$C$26:$C$36,MATCH(G10,Assumptions!$A$26:$A$36,0))<>""),INDEX(Assumptions!$C$26:$C$36,MATCH(G10,Assumptions!$A$26:$A$36,0)),ROUND(G10*Q10,-2)) -> 3120700 | S10: =TRIM(IF(AND(Assumptions!$L$127<>"",D10<Assumptions!$L$127),"View blocked / roof in front ("&Assumptions!$M$127&"); view premium still loading until L"&Assumptions!$L$127&". ","")&IF(D10=Assumptions!$AH$127,"Mid-floor view premium fully loaded. ","")&IF(D10=Assumptions!$P$127,"High-floor view premium fully loaded. ","")&IF(Q10<=K10,"At developer starting price.","")) | T10: =Assumptions!$AJ$127 -> SSE. Unblocked landed estate + nature reserve + city; MacRitchie Reservoir Park unblocked from mid floor; road noise on low floors. Tier C: below pool-facing 06/18 on low floors, dearer than them on high floors
A11: #15-01 | B11: 1 | C11: 1 | D11: 15 | E11: 3 Bedroom Premium | F11: CP2 | G11: 1055 | H11: Classic | I11: =Assumptions!$I$127 -> C | J11: =IF(D11<=Assumptions!$V$127,"Low",IF(D11<=Assumptions!$W$127,"Mid","High")) -> Mid | K11: =Assumptions!$Q$127 -> 2633 | L11: =INDEX(Assumptions!$K$61:$K$90,D11) -> 2884.4923 | M11: =IF(D11<=Assumptions!$G$127,Assumptions!$AK$127,IF(D11<Assumptions!$AH$127,Assumptions!$AK$127+(Assumptions!$AL$127-Assumptions!$AK$127)*(D11-Assumptions!$G$127)/(Assumptions!$AH$127-Assumptions!$G$127),IF(D11<Assumptions!$P$127,Assumptions!$AL$127+(Assumptions!$AM$127-Assumptions!$AL$127)*(D11-Assumptions!$AH$127)/(Assumptions!$P$127-Assumptions!$AH$127),Assumptions!$AM$127))) -> 50000 | N11: =M11/G11 -> 47.393365 | O11: =ROUND(L11+N11,0) -> 2932 | P11: =IF(D11>=Assumptions!$P$127,"High",IF(D11>=Assumptions!$AH$127,"Mid",IF(D11<=Assumptions!$G$127,"Low","Loading"))) -> Mid | Q11: =MAX(K11,MIN(Assumptions!$S$127,O11),Q12) -> 2932 | R11: =IF(AND(Q11<=K11,INDEX(Assumptions!$C$26:$C$36,MATCH(G11,Assumptions!$A$26:$A$36,0))<>""),INDEX(Assumptions!$C$26:$C$36,MATCH(G11,Assumptions!$A$26:$A$36,0)),ROUND(G11*Q11,-2)) -> 3093300 | S11: =TRIM(IF(AND(Assumptions!$L$127<>"",D11<Assumptions!$L$127),"View blocked / roof in front ("&Assumptions!$M$127&"); view premium still loading until L"&Assumptions!$L$127&". ","")&IF(D11=Assumptions!$AH$127,"Mid-floor view premium fully loaded. ","")&IF(D11=Assumptions!$P$127,"High-floor view premium fully loaded. ","")&IF(Q11<=K11,"At developer starting price.","")) | T11: =Assumptions!$AJ$127 -> SSE. Unblocked landed estate + nature reserve + city; MacRitchie Reservoir Park unblocked from mid floor; road noise on low floors. Tier C: below pool-facing 06/18 on low floors, dearer than them on high floors
A12: #14-01 | B12: 1 | C12: 1 | D12: 14 | E12: 3 Bedroom Premium | F12: CP2 | G12: 1055 | H12: Classic | I12: =Assumptions!$I$127 -> C | J12: =IF(D12<=Assumptions!$V$127,"Low",IF(D12<=Assumptions!$W$127,"Mid","High")) -> Mid | K12: =Assumptions!$Q$127 -> 2633 | L12: =INDEX(Assumptions!$K$61:$K$90,D12) -> 2858.2154 | M12: =IF(D12<=Assumptions!$G$127,Assumptions!$AK$127,IF(D12<Assumptions!$AH$127,Assumptions!$AK$127+(Assumptions!$AL$127-Assumptions!$AK$127)*(D12-Assumptions!$G$127)/(Assumptions!$AH$127-Assumptions!$G$127),IF(D12<Assumptions!$P$127,Assumptions!$AL$127+(Assumptions!$AM$127-Assumptions!$AL$127)*(D12-Assumptions!$AH$127)/(Assumptions!$P$127-Assumptions!$AH$127),Assumptions!$AM$127))) -> 50000 | N12: =M12/G12 -> 47.393365 | O12: =ROUND(L12+N12,0) -> 2906 | P12: =IF(D12>=Assumptions!$P$127,"High",IF(D12>=Assumptions!$AH$127,"Mid",IF(D12<=Assumptions!$G$127,"Low","Loading"))) -> Mid | Q12: =MAX(K12,MIN(Assumptions!$S$127,O12),Q13) -> 2906 | R12: =IF(AND(Q12<=K12,INDEX(Assumptions!$C$26:$C$36,MATCH(G12,Assumptions!$A$26:$A$36,0))<>""),INDEX(Assumptions!$C$26:$C$36,MATCH(G12,Assumptions!$A$26:$A$36,0)),ROUND(G12*Q12,-2)) -> 3065800 | S12: =TRIM(IF(AND(Assumptions!$L$127<>"",D12<Assumptions!$L$127),"View blocked / roof in front ("&Assumptions!$M$127&"); view premium still loading until L"&Assumptions!$L$127&". ","")&IF(D12=Assumptions!$AH$127,"Mid-floor view premium fully loaded. ","")&IF(D12=Assumptions!$P$127,"High-floor view premium fully loaded. ","")&IF(Q12<=K12,"At developer starting price.","")) | T12: =Assumptions!$AJ$127 -> SSE. Unblocked landed estate + nature reserve + city; MacRitchie Reservoir Park unblocked from mid floor; road noise on low floors. Tier C: below pool-facing 06/18 on low floors, dearer than them on high floors
A13: #13-01 | B13: 1 | C13: 1 | D13: 13 | E13: 3 Bedroom Premium | F13: CP2 | G13: 1055 | H13: Classic | I13: =Assumptions!$I$127 -> C | J13: =IF(D13<=Assumptions!$V$127,"Low",IF(D13<=Assumptions!$W$127,"Mid","High")) -> Mid | K13: =Assumptions!$Q$127 -> 2633 | L13: =INDEX(Assumptions!$K$61:$K$90,D13) -> 2831.9385 | M13: =IF(D13<=Assumptions!$G$127,Assumptions!$AK$127,IF(D13<Assumptions!$AH$127,Assumptions!$AK$127+(Assumptions!$AL$127-Assumptions!$AK$127)*(D13-Assumptions!$G$127)/(Assumptions!$AH$127-Assumptions!$G$127),IF(D13<Assumptions!$P$127,Assumptions!$AL$127+(Assumptions!$AM$127-Assumptions!$AL$127)*(D13-Assumptions!$AH$127)/(Assumptions!$P$127-Assumptions!$AH$127),Assumptions!$AM$127))) -> 50000 | N13: =M13/G13 -> 47.393365 | O13: =ROUND(L13+N13,0) -> 2879 | P13: =IF(D13>=Assumptions!$P$127,"High",IF(D13>=Assumptions!$AH$127,"Mid",IF(D13<=Assumptions!$G$127,"Low","Loading"))) -> Mid | Q13: =MAX(K13,MIN(Assumptions!$S$127,O13),Q14) -> 2879 | R13: =IF(AND(Q13<=K13,INDEX(Assumptions!$C$26:$C$36,MATCH(G13,Assumptions!$A$26:$A$36,0))<>""),INDEX(Assumptions!$C$26:$C$36,MATCH(G13,Assumptions!$A$26:$A$36,0)),ROUND(G13*Q13,-2)) -> 3037300 | S13: =TRIM(IF(AND(Assumptions!$L$127<>"",D13<Assumptions!$L$127),"View blocked / roof in front ("&Assumptions!$M$127&"); view premium still loading until L"&Assumptions!$L$127&". ","")&IF(D13=Assumptions!$AH$127,"Mid-floor view premium fully loaded. ","")&IF(D13=Assumptions!$P$127,"High-floor view premium fully loaded. ","")&IF(Q13<=K13,"At developer starting price.","")) | T13: =Assumptions!$AJ$127 -> SSE. Unblocked landed estate + nature reserve + city; MacRitchie Reservoir Park unblocked from mid floor; road noise on low floors. Tier C: below pool-facing 06/18 on low floors, dearer than them on high floors
A14: #12-01 | B14: 1 | C14: 1 | D14: 12 | E14: 3 Bedroom Premium | F14: CP2 | G14: 1055 | H14: Classic | I14: =Assumptions!$I$127 -> C | J14: =IF(D14<=Assumptions!$V$127,"Low",IF(D14<=Assumptions!$W$127,"Mid","High")) -> Mid | K14: =Assumptions!$Q$127 -> 2633 | L14: =INDEX(Assumptions!$K$61:$K$90,D14) -> 2812.2092 | M14: =IF(D14<=Assumptions!$G$127,Assumptions!$AK$127,IF(D14<Assumptions!$AH$127,Assumptions!$AK$127+(Assumptions!$AL$127-Assumptions!$AK$127)*(D14-Assumptions!$G$127)/(Assumptions!$AH$127-Assumptions!$G$127),IF(D14<Assumptions!$P$127,Assumptions!$AL$127+(Assumptions!$AM$127-Assumptions!$AL$127)*(D14-Assumptions!$AH$127)/(Assumptions!$P$127-Assumptions!$AH$127),Assumptions!$AM$127))) -> 50000 | N14: =M14/G14 -> 47.393365 | O14: =ROUND(L14+N14,0) -> 2860 | P14: =IF(D14>=Assumptions!$P$127,"High",IF(D14>=Assumptions!$AH$127,"Mid",IF(D14<=Assumptions!$G$127,"Low","Loading"))) -> Mid | Q14: =MAX(K14,MIN(Assumptions!$S$127,O14),Q15) -> 2860 | R14: =IF(AND(Q14<=K14,INDEX(Assumptions!$C$26:$C$36,MATCH(G14,Assumptions!$A$26:$A$36,0))<>""),INDEX(Assumptions!$C$26:$C$36,MATCH(G14,Assumptions!$A$26:$A$36,0)),ROUND(G14*Q14,-2)) -> 3017300 | S14: =TRIM(IF(AND(Assumptions!$L$127<>"",D14<Assumptions!$L$127),"View blocked / roof in front ("&Assumptions!$M$127&"); view premium still loading until L"&Assumptions!$L$127&". ","")&IF(D14=Assumptions!$AH$127,"Mid-floor view premium fully loaded. ","")&IF(D14=Assumptions!$P$127,"High-floor view premium fully loaded. ","")&IF(Q14<=K14,"At developer starting price.","")) | T14: =Assumptions!$AJ$127 -> SSE. Unblocked landed estate + nature reserve + city; MacRitchie Reservoir Park unblocked from mid floor; road noise on low floors. Tier C: below pool-facing 06/18 on low floors, dearer than them on high floors
A15: #11-01 | B15: 1 | C15: 1 | D15: 11 | E15: 3 Bedroom Premium | F15: CP2 | G15: 1055 | H15: Classic | I15: =Assumptions!$I$127 -> C | J15: =IF(D15<=Assumptions!$V$127,"Low",IF(D15<=Assumptions!$W$127,"Mid","High")) -> Mid | K15: =Assumptions!$Q$127 -> 2633 | L15: =INDEX(Assumptions!$K$61:$K$90,D15) -> 2799.0276 | M15: =IF(D15<=Assumptions!$G$127,Assumptions!$AK$127,IF(D15<Assumptions!$AH$127,Assumptions!$AK$127+(Assumptions!$AL$127-Assumptions!$AK$127)*(D15-Assumptions!$G$127)/(Assumptions!$AH$127-Assumptions!$G$127),IF(D15<Assumptions!$P$127,Assumptions!$AL$127+(Assumptions!$AM$127-Assumptions!$AL$127)*(D15-Assumptions!$AH$127)/(Assumptions!$P$127-Assumptions!$AH$127),Assumptions!$AM$127))) -> 50000 | N15: =M15/G15 -> 47.393365 | O15: =ROUND(L15+N15,0) -> 2846 | P15: =IF(D15>=Assumptions!$P$127,"High",IF(D15>=Assumptions!$AH$127,"Mid",IF(D15<=Assumptions!$G$127,"Low","Loading"))) -> Mid | Q15: =MAX(K15,MIN(Assumptions!$S$127,O15),Q16) -> 2846 | R15: =IF(AND(Q15<=K15,INDEX(Assumptions!$C$26:$C$36,MATCH(G15,Assumptions!$A$26:$A$36,0))<>""),INDEX(Assumptions!$C$26:$C$36,MATCH(G15,Assumptions!$A$26:$A$36,0)),ROUND(G15*Q15,-2)) -> 3002500 | S15: =TRIM(IF(AND(Assumptions!$L$127<>"",D15<Assumptions!$L$127),"View blocked / roof in front ("&Assumptions!$M$127&"); view premium still loading until L"&Assumptions!$L$127&". ","")&IF(D15=Assumptions!$AH$127,"Mid-floor view premium fully loaded. ","")&IF(D15=Assumptions!$P$127,"High-floor view premium fully loaded. ","")&IF(Q15<=K15,"At developer starting price.","")) | T15: =Assumptions!$AJ$127 -> SSE. Unblocked landed estate + nature reserve + city; MacRitchie Reservoir Park unblocked from mid floor; road noise on low floors. Tier C: below pool-facing 06/18 on low floors, dearer than them on high floors
A16: #10-01 | B16: 1 | C16: 1 | D16: 10 | E16: 3 Bedroom Premium | F16: CP2 | G16: 1055 | H16: Classic | I16: =Assumptions!$I$127 -> C | J16: =IF(D16<=Assumptions!$V$127,"Low",IF(D16<=Assumptions!$W$127,"Mid","High")) -> Mid | K16: =Assumptions!$Q$127 -> 2633 | L16: =INDEX(Assumptions!$K$61:$K$90,D16) -> 2785.846 | M16: =IF(D16<=Assumptions!$G$127,Assumptions!$AK$127,IF(D16<Assumptions!$AH$127,Assumptions!$AK$127+(Assumptions!$AL$127-Assumptions!$AK$127)*(D16-Assumptions!$G$127)/(Assumptions!$AH$127-Assumptions!$G$127),IF(D16<Assumptions!$P$127,Assumptions!$AL$127+(Assumptions!$AM$127-Assumptions!$AL$127)*(D16-Assumptions!$AH$127)/(Assumptions!$P$127-Assumptions!$AH$127),Assumptions!$AM$127))) -> 50000 | N16: =M16/G16 -> 47.393365 | O16: =ROUND(L16+N16,0) -> 2833 | P16: =IF(D16>=Assumptions!$P$127,"High",IF(D16>=Assumptions!$AH$127,"Mid",IF(D16<=Assumptions!$G$127,"Low","Loading"))) -> Mid | Q16: =MAX(K16,MIN(Assumptions!$S$127,O16),Q17) -> 2833 | R16: =IF(AND(Q16<=K16,INDEX(Assumptions!$C$26:$C$36,MATCH(G16,Assumptions!$A$26:$A$36,0))<>""),INDEX(Assumptions!$C$26:$C$36,MATCH(G16,Assumptions!$A$26:$A$36,0)),ROUND(G16*Q16,-2)) -> 2988800 | S16: =TRIM(IF(AND(Assumptions!$L$127<>"",D16<Assumptions!$L$127),"View blocked / roof in front ("&Assumptions!$M$127&"); view premium still loading until L"&Assumptions!$L$127&". ","")&IF(D16=Assumptions!$AH$127,"Mid-floor view premium fully loaded. ","")&IF(D16=Assumptions!$P$127,"High-floor view premium fully loaded. ","")&IF(Q16<=K16,"At developer starting price.","")) | T16: =Assumptions!$AJ$127 -> SSE. Unblocked landed estate + nature reserve + city; MacRitchie Reservoir Park unblocked from mid floor; road noise on low floors. Tier C: below pool-facing 06/18 on low floors, dearer than them on high floors
... A23: #03-01 | B23: 1 | C23: 1 | D23: 3 | E23: 3 Bedroom Premium | F23: CP2 | G23: 1055 | H23: Classic | I23: =Assumptions!$I$127 -> C | J23: =IF(D23<=Assumptions!$V$127,"Low",IF(D23<=Assumptions!$W$127,"Mid","High")) -> Low | K23: =Assumptions!$Q$127 -> 2633 | L23: =INDEX(Assumptions!$K$61:$K$90,D23) -> 2693.5749 | M23: =IF(D23<=Assumptions!$G$127,Assumptions!$AK$127,IF(D23<Assumptions!$AH$127,Assumptions!$AK$127+(Assumptions!$AL$127-Assumptions!$AK$127)*(D23-Assumptions!$G$127)/(Assumptions!$AH$127-Assumptions!$G$127),IF(D23<Assumptions!$P$127,Assumptions!$AL$127+(Assumptions!$AM$127-Assumptions!$AL$127)*(D23-Assumptions!$AH$127)/(Assumptions!$P$127-Assumptions!$AH$127),Assumptions!$AM$127))) -> 21428.571 | N23: =M23/G23 -> 20.311442 | O23: =ROUND(L23+N23,0) -> 2714 | P23: =IF(D23>=Assumptions!$P$127,"High",IF(D23>=Assumptions!$AH$127,"Mid",IF(D23<=Assumptions!$G$127,"Low","Loading"))) -> Loading | Q23: =MAX(K23,MIN(Assumptions!$S$127,O23),Q24) -> 2714 | R23: =IF(AND(Q23<=K23,INDEX(Assumptions!$C$26:$C$36,MATCH(G23,Assumptions!$A$26:$A$36,0))<>""),INDEX(Assumptions!$C$26:$C$36,MATCH(G23,Assumptions!$A$26:$A$36,0)),ROUND(G23*Q23,-2)) -> 2863300 | S23: =TRIM(IF(AND(Assumptions!$L$127<>"",D23<Assumptions!$L$127),"View blocked / roof in front ("&Assumptions!$M$127&"); view premium still loading until L"&Assumptions!$L$127&". ","")&IF(D23=Assumptions!$AH$127,"Mid-floor view premium fully loaded. ","")&IF(D23=Assumptions!$P$127,"High-floor view premium fully loaded. ","")&IF(Q23<=K23,"At developer starting price.","")) | T23: =Assumptions!$AJ$127 -> SSE. Unblocked landed estate + nature reserve + city; MacRitchie Reservoir Park unblocked from mid floor; road noise on low floors. Tier C: below pool-facing 06/18 on low floors, dearer than them on high floors
A24: #02-01 | B24: 1 | C24: 1 | D24: 2 | E24: 3 Bedroom Premium | F24: CP2p | G24: 1055 | H24: Classic | I24: =Assumptions!$I$127 -> C | J24: =IF(D24<=Assumptions!$V$127,"Low",IF(D24<=Assumptions!$W$127,"Mid","High")) -> Low | K24: =Assumptions!$Q$127 -> 2633 | L24: =INDEX(Assumptions!$K$61:$K$90,D24) -> 2680.3934 | M24: =IF(D24<=Assumptions!$G$127,Assumptions!$AK$127,IF(D24<Assumptions!$AH$127,Assumptions!$AK$127+(Assumptions!$AL$127-Assumptions!$AK$127)*(D24-Assumptions!$G$127)/(Assumptions!$AH$127-Assumptions!$G$127),IF(D24<Assumptions!$P$127,Assumptions!$AL$127+(Assumptions!$AM$127-Assumptions!$AL$127)*(D24-Assumptions!$AH$127)/(Assumptions!$P$127-Assumptions!$AH$127),Assumptions!$AM$127))) -> 16666.667 | N24: =M24/G24 -> 15.797788 | O24: =ROUND(L24+N24,0) -> 2696 | P24: =IF(D24>=Assumptions!$P$127,"High",IF(D24>=Assumptions!$AH$127,"Mid",IF(D24<=Assumptions!$G$127,"Low","Loading"))) -> Low | Q24: =MAX(K24,MIN(Assumptions!$S$127,O24)) -> 2696 | R24: =IF(AND(Q24<=K24,INDEX(Assumptions!$C$26:$C$36,MATCH(G24,Assumptions!$A$26:$A$36,0))<>""),INDEX(Assumptions!$C$26:$C$36,MATCH(G24,Assumptions!$A$26:$A$36,0)),ROUND(G24*Q24,-2)) -> 2844300 | S24: =TRIM(IF(AND(Assumptions!$L$127<>"",D24<Assumptions!$L$127),"View blocked / roof in front ("&Assumptions!$M$127&"); view premium still loading until L"&Assumptions!$L$127&". ","")&IF(D24=Assumptions!$AH$127,"Mid-floor view premium fully loaded. ","")&IF(D24=Assumptions!$P$127,"High-floor view premium fully loaded. ","")&IF(Q24<=K24,"At developer starting price.","")) | T24: =Assumptions!$AJ$127 -> SSE. Unblocked landed estate + nature reserve + city; MacRitchie Reservoir Park unblocked from mid floor; road noise on low floors. Tier C: below pool-facing 06/18 on low floors, dearer than them on high floors
A25: #21-02 | B25: 1 | C25: 2 | D25: 21 | E25: 2 Bedroom Premium | F25: BP3 | G25: 678 | H25: Classic | I25: =Assumptions!$I$128 -> B | J25: =IF(D25<=Assumptions!$V$128,"Low",IF(D25<=Assumptions!$W$128,"Mid","High")) -> High | K25: =Assumptions!$Q$128 -> 2613 | L25: =INDEX(Assumptions!$C$61:$C$90,D25) -> 3050.8643 | M25: =IF(D25<=Assumptions!$G$128,Assumptions!$AK$128,IF(D25<Assumptions!$AH$128,Assumptions!$AK$128+(Assumptions!$AL$128-Assumptions!$AK$128)*(D25-Assumptions!$G$128)/(Assumptions!$AH$128-Assumptions!$G$128),IF(D25<Assumptions!$P$128,Assumptions!$AL$128+(Assumptions!$AM$128-Assumptions!$AL$128)*(D25-Assumptions!$AH$128)/(Assumptions!$P$128-Assumptions!$AH$128),Assumptions!$AM$128))) -> 50000 | N25: =M25/G25 -> 73.746313 | O25: =ROUND(L25+N25,0) -> 3125 | P25: =IF(D25>=Assumptions!$P$128,"High",IF(D25>=Assumptions!$AH$128,"Mid",IF(D25<=Assumptions!$G$128,"Low","Loading"))) -> High | Q25: =MAX(K25,MIN(Assumptions!$S$128,O25),Q26) -> 3125 | R25: =IF(AND(Q25<=K25,INDEX(Assumptions!$C$26:$C$36,MATCH(G25,Assumptions!$A$26:$A$36,0))<>""),INDEX(Assumptions!$C$26:$C$36,MATCH(G25,Assumptions!$A$26:$A$36,0)),ROUND(G25*Q25,-2)) -> 2118800 | S25: =TRIM(IF(AND(Assumptions!$L$128<>"",D25<Assumptions!$L$128),"View blocked / roof in front ("&Assumptions!$M$128&"); view premium still loading until L"&Assumptions!$L$128&". ","")&IF(D25=Assumptions!$AH$128,"Mid-floor view premium fully loaded. ","")&IF(D25=Assumptions!$P$128,"High-floor view premium fully loaded. ","")&IF(Q25<=K25,"At developer starting price.","")) | T25: =Assumptions!$AJ$128 -> SSE. Forest Grill pavilions in front of low floors; landed, nature reserve & city views open from mid floor
A26: #20-02 | B26: 1 | C26: 2 | D26: 20 | E26: 2 Bedroom Premium | F26: BP3 | G26: 678 | H26: Classic | I26: =Assumptions!$I$128 -> B | J26: =IF(D26<=Assumptions!$V$128,"Low",IF(D26<=Assumptions!$W$128,"Mid","High")) -> High | K26: =Assumptions!$Q$128 -> 2613 | L26: =INDEX(Assumptions!$C$61:$C$90,D26) -> 3028.0786 | M26: =IF(D26<=Assumptions!$G$128,Assumptions!$AK$128,IF(D26<Assumptions!$AH$128,Assumptions!$AK$128+(Assumptions!$AL$128-Assumptions!$AK$128)*(D26-Assumptions!$G$128)/(Assumptions!$AH$128-Assumptions!$G$128),IF(D26<Assumptions!$P$128,Assumptions!$AL$128+(Assumptions!$AM$128-Assumptions!$AL$128)*(D26-Assumptions!$AH$128)/(Assumptions!$P$128-Assumptions!$AH$128),Assumptions!$AM$128))) -> 50000 | N26: =M26/G26 -> 73.746313 | O26: =ROUND(L26+N26,0) -> 3102 | P26: =IF(D26>=Assumptions!$P$128,"High",IF(D26>=Assumptions!$AH$128,"Mid",IF(D26<=Assumptions!$G$128,"Low","Loading"))) -> High | Q26: =MAX(K26,MIN(Assumptions!$S$128,O26),Q27) -> 3102 | R26: =IF(AND(Q26<=K26,INDEX(Assumptions!$C$26:$C$36,MATCH(G26,Assumptions!$A$26:$A$36,0))<>""),INDEX(Assumptions!$C$26:$C$36,MATCH(G26,Assumptions!$A$26:$A$36,0)),ROUND(G26*Q26,-2)) -> 2103200 | S26: =TRIM(IF(AND(Assumptions!$L$128<>"",D26<Assumptions!$L$128),"View blocked / roof in front ("&Assumptions!$M$128&"); view premium still loading until L"&Assumptions!$L$128&". ","")&IF(D26=Assumptions!$AH$128,"Mid-floor view premium fully loaded. ","")&IF(D26=Assumptions!$P$128,"High-floor view premium fully loaded. ","")&IF(Q26<=K26,"At developer starting price.","")) | T26: =Assumptions!$AJ$128 -> SSE. Forest Grill pavilions in front of low floors; landed, nature reserve & city views open from mid floor
A27: #19-02 | B27: 1 | C27: 2 | D27: 19 | E27: 2 Bedroom Premium | F27: BP3 | G27: 678 | H27: Classic | I27: =Assumptions!$I$128 -> B | J27: =IF(D27<=Assumptions!$V$128,"Low",IF(D27<=Assumptions!$W$128,"Mid","High")) -> High | K27: =Assumptions!$Q$128 -> 2613 | L27: =INDEX(Assumptions!$C$61:$C$90,D27) -> 3005.2929 | M27: =IF(D27<=Assumptions!$G$128,Assumptions!$AK$128,IF(D27<Assumptions!$AH$128,Assumptions!$AK$128+(Assumptions!$AL$128-Assumptions!$AK$128)*(D27-Assumptions!$G$128)/(Assumptions!$AH$128-Assumptions!$G$128),IF(D27<Assumptions!$P$128,Assumptions!$AL$128+(Assumptions!$AM$128-Assumptions!$AL$128)*(D27-Assumptions!$AH$128)/(Assumptions!$P$128-Assumptions!$AH$128),Assumptions!$AM$128))) -> 50000 | N27: =M27/G27 -> 73.746313 | O27: =ROUND(L27+N27,0) -> 3079 | P27: =IF(D27>=Assumptions!$P$128,"High",IF(D27>=Assumptions!$AH$128,"Mid",IF(D27<=Assumptions!$G$128,"Low","Loading"))) -> High | Q27: =MAX(K27,MIN(Assumptions!$S$128,O27),Q28) -> 3079 | R27: =IF(AND(Q27<=K27,INDEX(Assumptions!$C$26:$C$36,MATCH(G27,Assumptions!$A$26:$A$36,0))<>""),INDEX(Assumptions!$C$26:$C$36,MATCH(G27,Assumptions!$A$26:$A$36,0)),ROUND(G27*Q27,-2)) -> 2087600 | S27: =TRIM(IF(AND(Assumptions!$L$128<>"",D27<Assumptions!$L$128),"View blocked / roof in front ("&Assumptions!$M$128&"); view premium still loading until L"&Assumptions!$L$128&". ","")&IF(D27=Assumptions!$AH$128,"Mid-floor view premium fully loaded. ","")&IF(D27=Assumptions!$P$128,"High-floor view premium fully loaded. ","")&IF(Q27<=K27,"At developer starting price.","")) | T27: =Assumptions!$AJ$128 -> SSE. Forest Grill pavilions in front of low floors; landed, nature reserve & city views open from mid floor
A28: #18-02 | B28: 1 | C28: 2 | D28: 18 | E28: 2 Bedroom Premium | F28: BP3 | G28: 678 | H28: Classic | I28: =Assumptions!$I$128 -> B | J28: =IF(D28<=Assumptions!$V$128,"Low",IF(D28<=Assumptions!$W$128,"Mid","High")) -> High | K28: =Assumptions!$Q$128 -> 2613 | L28: =INDEX(Assumptions!$C$61:$C$90,D28) -> 2982.5071 | M28: =IF(D28<=Assumptions!$G$128,Assumptions!$AK$128,IF(D28<Assumptions!$AH$128,Assumptions!$AK$128+(Assumptions!$AL$128-Assumptions!$AK$128)*(D28-Assumptions!$G$128)/(Assumptions!$AH$128-Assumptions!$G$128),IF(D28<Assumptions!$P$128,Assumptions!$AL$128+(Assumptions!$AM$128-Assumptions!$AL$128)*(D28-Assumptions!$AH$128)/(Assumptions!$P$128-Assumptions!$AH$128),Assumptions!$AM$128))) -> 50000 | N28: =M28/G28 -> 73.746313 | O28: =ROUND(L28+N28,0) -> 3056 | P28: =IF(D28>=Assumptions!$P$128,"High",IF(D28>=Assumptions!$AH$128,"Mid",IF(D28<=Assumptions!$G$128,"Low","Loading"))) -> High | Q28: =MAX(K28,MIN(Assumptions!$S$128,O28),Q29) -> 3056 | R28: =IF(AND(Q28<=K28,INDEX(Assumptions!$C$26:$C$36,MATCH(G28,Assumptions!$A$26:$A$36,0))<>""),INDEX(Assumptions!$C$26:$C$36,MATCH(G28,Assumptions!$A$26:$A$36,0)),ROUND(G28*Q28,-2)) -> 2072000 | S28: =TRIM(IF(AND(Assumptions!$L$128<>"",D28<Assumptions!$L$128),"View blocked / roof in front ("&Assumptions!$M$128&"); view premium still loading until L"&Assumptions!$L$128&". ","")&IF(D28=Assumptions!$AH$128,"Mid-floor view premium fully loaded. ","")&IF(D28=Assumptions!$P$128,"High-floor view premium fully loaded. ","")&IF(Q28<=K28,"At developer starting price.","")) | T28: =Assumptions!$AJ$128 -> SSE. Forest Grill pavilions in front of low floors; landed, nature reserve & city views open from mid floor
A29: #17-02 | B29: 1 | C29: 2 | D29: 17 | E29: 2 Bedroom Premium | F29: BP3 | G29: 678 | H29: Classic | I29: =Assumptions!$I$128 -> B | J29: =IF(D29<=Assumptions!$V$128,"Low",IF(D29<=Assumptions!$W$128,"Mid","High")) -> High | K29: =Assumptions!$Q$128 -> 2613 | L29: =INDEX(Assumptions!$C$61:$C$90,D29) -> 2959.7214 | M29: =IF(D29<=Assumptions!$G$128,Assumptions!$AK$128,IF(D29<Assumptions!$AH$128,Assumptions!$AK$128+(Assumptions!$AL$128-Assumptions!$AK$128)*(D29-Assumptions!$G$128)/(Assumptions!$AH$128-Assumptions!$G$128),IF(D29<Assumptions!$P$128,Assumptions!$AL$128+(Assumptions!$AM$128-Assumptions!$AL$128)*(D29-Assumptions!$AH$128)/(Assumptions!$P$128-Assumptions!$AH$128),Assumptions!$AM$128))) -> 50000 | N29: =M29/G29 -> 73.746313 | O29: =ROUND(L29+N29,0) -> 3033 | P29: =IF(D29>=Assumptions!$P$128,"High",IF(D29>=Assumptions!$AH$128,"Mid",IF(D29<=Assumptions!$G$128,"Low","Loading"))) -> High | Q29: =MAX(K29,MIN(Assumptions!$S$128,O29),Q30) -> 3033 | R29: =IF(AND(Q29<=K29,INDEX(Assumptions!$C$26:$C$36,MATCH(G29,Assumptions!$A$26:$A$36,0))<>""),INDEX(Assumptions!$C$26:$C$36,MATCH(G29,Assumptions!$A$26:$A$36,0)),ROUND(G29*Q29,-2)) -> 2056400 | S29: =TRIM(IF(AND(Assumptions!$L$128<>"",D29<Assumptions!$L$128),"View blocked / roof in front ("&Assumptions!$M$128&"); view premium still loading until L"&Assumptions!$L$128&". ","")&IF(D29=Assumptions!$AH$128,"Mid-floor view premium fully loaded. ","")&IF(D29=Assumptions!$P$128,"High-floor view premium fully loaded. ","")&IF(Q29<=K29,"At developer starting price.","")) | T29: =Assumptions!$AJ$128 -> SSE. Forest Grill pavilions in front of low floors; landed, nature reserve & city views open from mid floor
A30: #16-02 | B30: 1 | C30: 2 | D30: 16 | E30: 2 Bedroom Premium | F30: BP3 | G30: 678 | H30: Classic | I30: =Assumptions!$I$128 -> B | J30: =IF(D30<=Assumptions!$V$128,"Low",IF(D30<=Assumptions!$W$128,"Mid","High")) -> High | K30: =Assumptions!$Q$128 -> 2613 | L30: =INDEX(Assumptions!$C$61:$C$90,D30) -> 2936.9357 | M30: =IF(D30<=Assumptions!$G$128,Assumptions!$AK$128,IF(D30<Assumptions!$AH$128,Assumptions!$AK$128+(Assumptions!$AL$128-Assumptions!$AK$128)*(D30-Assumptions!$G$128)/(Assumptions!$AH$128-Assumptions!$G$128),IF(D30<Assumptions!$P$128,Assumptions!$AL$128+(Assumptions!$AM$128-Assumptions!$AL$128)*(D30-Assumptions!$AH$128)/(Assumptions!$P$128-Assumptions!$AH$128),Assumptions!$AM$128))) -> 50000 | N30: =M30/G30 -> 73.746313 | O30: =ROUND(L30+N30,0) -> 3011 | P30: =IF(D30>=Assumptions!$P$128,"High",IF(D30>=Assumptions!$AH$128,"Mid",IF(D30<=Assumptions!$G$128,"Low","Loading"))) -> High | Q30: =MAX(K30,MIN(Assumptions!$S$128,O30),Q31) -> 3011 | R30: =IF(AND(Q30<=K30,INDEX(Assumptions!$C$26:$C$36,MATCH(G30,Assumptions!$A$26:$A$36,0))<>""),INDEX(Assumptions!$C$26:$C$36,MATCH(G30,Assumptions!$A$26:$A$36,0)),ROUND(G30*Q30,-2)) -> 2041500 | S30: =TRIM(IF(AND(Assumptions!$L$128<>"",D30<Assumptions!$L$128),"View blocked / roof in front ("&Assumptions!$M$128&"); view premium still loading until L"&Assumptions!$L$128&". ","")&IF(D30=Assumptions!$AH$128,"Mid-floor view premium fully loaded. ","")&IF(D30=Assumptions!$P$128,"High-floor view premium fully loaded. ","")&IF(Q30<=K30,"At developer starting price.","")) -> High-floor view premium fully loaded. | T30: =Assumptions!$AJ$128 -> SSE. Forest Grill pavilions in front of low floors; landed, nature reserve & city views open from mid floor
A31: #15-02 | B31: 1 | C31: 2 | D31: 15 | E31: 2 Bedroom Premium | F31: BP3 | G31: 678 | H31: Classic | I31: =Assumptions!$I$128 -> B | J31: =IF(D31<=Assumptions!$V$128,"Low",IF(D31<=Assumptions!$W$128,"Mid","High")) -> Mid | K31: =Assumptions!$Q$128 -> 2613 | L31: =INDEX(Assumptions!$C$61:$C$90,D31) -> 2914.15 | M31: =IF(D31<=Assumptions!$G$128,Assumptions!$AK$128,IF(D31<Assumptions!$AH$128,Assumptions!$AK$128+(Assumptions!$AL$128-Assumptions!$AK$128)*(D31-Assumptions!$G$128)/(Assumptions!$AH$128-Assumptions!$G$128),IF(D31<Assumptions!$P$128,Assumptions!$AL$128+(Assumptions!$AM$128-Assumptions!$AL$128)*(D31-Assumptions!$AH$128)/(Assumptions!$P$128-Assumptions!$AH$128),Assumptions!$AM$128))) -> 50000 | N31: =M31/G31 -> 73.746313 | O31: =ROUND(L31+N31,0) -> 2988 | P31: =IF(D31>=Assumptions!$P$128,"High",IF(D31>=Assumptions!$AH$128,"Mid",IF(D31<=Assumptions!$G$128,"Low","Loading"))) -> Mid | Q31: =MAX(K31,MIN(Assumptions!$S$128,O31),Q32) -> 2988 | R31: =IF(AND(Q31<=K31,INDEX(Assumptions!$C$26:$C$36,MATCH(G31,Assumptions!$A$26:$A$36,0))<>""),INDEX(Assumptions!$C$26:$C$36,MATCH(G31,Assumptions!$A$26:$A$36,0)),ROUND(G31*Q31,-2)) -> 2025900 | S31: =TRIM(IF(AND(Assumptions!$L$128<>"",D31<Assumptions!$L$128),"View blocked / roof in front ("&Assumptions!$M$128&"); view premium still loading until L"&Assumptions!$L$128&". ","")&IF(D31=Assumptions!$AH$128,"Mid-floor view premium fully loaded. ","")&IF(D31=Assumptions!$P$128,"High-floor view premium fully loaded. ","")&IF(Q31<=K31,"At developer starting price.","")) | T31: =Assumptions!$AJ$128 -> SSE. Forest Grill pavilions in front of low floors; landed, nature reserve & city views open from mid floor
A32: #14-02 | B32: 1 | C32: 2 | D32: 14 | E32: 2 Bedroom Premium | F32: BP3 | G32: 678 | H32: Classic | I32: =Assumptions!$I$128 -> B | J32: =IF(D32<=Assumptions!$V$128,"Low",IF(D32<=Assumptions!$W$128,"Mid","High")) -> Mid | K32: =Assumptions!$Q$128 -> 2613 | L32: =INDEX(Assumptions!$C$61:$C$90,D32) -> 2891.3643 | M32: =IF(D32<=Assumptions!$G$128,Assumptions!$AK$128,IF(D32<Assumptions!$AH$128,Assumptions!$AK$128+(Assumptions!$AL$128-Assumptions!$AK$128)*(D32-Assumptions!$G$128)/(Assumptions!$AH$128-Assumptions!$G$128),IF(D32<Assumptions!$P$128,Assumptions!$AL$128+(Assumptions!$AM$128-Assumptions!$AL$128)*(D32-Assumptions!$AH$128)/(Assumptions!$P$128-Assumptions!$AH$128),Assumptions!$AM$128))) -> 50000 | N32: =M32/G32 -> 73.746313 | O32: =ROUND(L32+N32,0) -> 2965 | P32: =IF(D32>=Assumptions!$P$128,"High",IF(D32>=Assumptions!$AH$128,"Mid",IF(D32<=Assumptions!$G$128,"Low","Loading"))) -> Mid | Q32: =MAX(K32,MIN(Assumptions!$S$128,O32),Q33) -> 2965 | R32: =IF(AND(Q32<=K32,INDEX(Assumptions!$C$26:$C$36,MATCH(G32,Assumptions!$A$26:$A$36,0))<>""),INDEX(Assumptions!$C$26:$C$36,MATCH(G32,Assumptions!$A$26:$A$36,0)),ROUND(G32*Q32,-2)) -> 2010300 | S32: =TRIM(IF(AND(Assumptions!$L$128<>"",D32<Assumptions!$L$128),"View blocked / roof in front ("&Assumptions!$M$128&"); view premium still loading until L"&Assumptions!$L$128&". ","")&IF(D32=Assumptions!$AH$128,"Mid-floor view premium fully loaded. ","")&IF(D32=Assumptions!$P$128,"High-floor view premium fully loaded. ","")&IF(Q32<=K32,"At developer starting price.","")) | T32: =Assumptions!$AJ$128 -> SSE. Forest Grill pavilions in front of low floors; landed, nature reserve & city views open from mid floor
A33: #13-02 | B33: 1 | C33: 2 | D33: 13 | E33: 2 Bedroom Premium | F33: BP3 | G33: 678 | H33: Classic | I33: =Assumptions!$I$128 -> B | J33: =IF(D33<=Assumptions!$V$128,"Low",IF(D33<=Assumptions!$W$128,"Mid","High")) -> Mid | K33: =Assumptions!$Q$128 -> 2613 | L33: =INDEX(Assumptions!$C$61:$C$90,D33) -> 2868.5786 | M33: =IF(D33<=Assumptions!$G$128,Assumptions!$AK$128,IF(D33<Assumptions!$AH$128,Assumptions!$AK$128+(Assumptions!$AL$128-Assumptions!$AK$128)*(D33-Assumptions!$G$128)/(Assumptions!$AH$128-Assumptions!$G$128),IF(D33<Assumptions!$P$128,Assumptions!$AL$128+(Assumptions!$AM$128-Assumptions!$AL$128)*(D33-Assumptions!$AH$128)/(Assumptions!$P$128-Assumptions!$AH$128),Assumptions!$AM$128))) -> 50000 | N33: =M33/G33 -> 73.746313 | O33: =ROUND(L33+N33,0) -> 2942 | P33: =IF(D33>=Assumptions!$P$128,"High",IF(D33>=Assumptions!$AH$128,"Mid",IF(D33<=Assumptions!$G$128,"Low","Loading"))) -> Mid | Q33: =MAX(K33,MIN(Assumptions!$S$128,O33),Q34) -> 2942 | R33: =IF(AND(Q33<=K33,INDEX(Assumptions!$C$26:$C$36,MATCH(G33,Assumptions!$A$26:$A$36,0))<>""),INDEX(Assumptions!$C$26:$C$36,MATCH(G33,Assumptions!$A$26:$A$36,0)),ROUND(G33*Q33,-2)) -> 1994700 | S33: =TRIM(IF(AND(Assumptions!$L$128<>"",D33<Assumptions!$L$128),"View blocked / roof in front ("&Assumptions!$M$128&"); view premium still loading until L"&Assumptions!$L$128&". ","")&IF(D33=Assumptions!$AH$128,"Mid-floor view premium fully loaded. ","")&IF(D33=Assumptions!$P$128,"High-floor view premium fully loaded. ","")&IF(Q33<=K33,"At developer starting price.","")) | T33: =Assumptions!$AJ$128 -> SSE. Forest Grill pavilions in front of low floors; landed, nature reserve & city views open from mid floor
A34: #12-02 | B34: 1 | C34: 2 | D34: 12 | E34: 2 Bedroom Premium | F34: BP3 | G34: 678 | H34: Classic | I34: =Assumptions!$I$128 -> B | J34: =IF(D34<=Assumptions!$V$128,"Low",IF(D34<=Assumptions!$W$128,"Mid","High")) -> Mid | K34: =Assumptions!$Q$128 -> 2613 | L34: =INDEX(Assumptions!$C$61:$C$90,D34) -> 2845.7929 | M34: =IF(D34<=Assumptions!$G$128,Assumptions!$AK$128,IF(D34<Assumptions!$AH$128,Assumptions!$AK$128+(Assumptions!$AL$128-Assumptions!$AK$128)*(D34-Assumptions!$G$128)/(Assumptions!$AH$128-Assumptions!$G$128),IF(D34<Assumptions!$P$128,Assumptions!$AL$128+(Assumptions!$AM$128-Assumptions!$AL$128)*(D34-Assumptions!$AH$128)/(Assumptions!$P$128-Assumptions!$AH$128),Assumptions!$AM$128))) -> 50000 | N34: =M34/G34 -> 73.746313 | O34: =ROUND(L34+N34,0) -> 2920 | P34: =IF(D34>=Assumptions!$P$128,"High",IF(D34>=Assumptions!$AH$128,"Mid",IF(D34<=Assumptions!$G$128,"Low","Loading"))) -> Mid | Q34: =MAX(K34,MIN(Assumptions!$S$128,O34),Q35) -> 2920 | R34: =IF(AND(Q34<=K34,INDEX(Assumptions!$C$26:$C$36,MATCH(G34,Assumptions!$A$26:$A$36,0))<>""),INDEX(Assumptions!$C$26:$C$36,MATCH(G34,Assumptions!$A$26:$A$36,0)),ROUND(G34*Q34,-2)) -> 1979800 | S34: =TRIM(IF(AND(Assumptions!$L$128<>"",D34<Assumptions!$L$128),"View blocked / roof in front ("&Assumptions!$M$128&"); view premium still loading until L"&Assumptions!$L$128&". ","")&IF(D34=Assumptions!$AH$128,"Mid-floor view premium fully loaded. ","")&IF(D34=Assumptions!$P$128,"High-floor view premium fully loaded. ","")&IF(Q34<=K34,"At developer starting price.","")) | T34: =Assumptions!$AJ$128 -> SSE. Forest Grill pavilions in front of low floors; landed, nature reserve & city views open from mid floor
A35: #11-02 | B35: 1 | C35: 2 | D35: 11 | E35: 2 Bedroom Premium | F35: BP3 | G35: 678 | H35: Classic | I35: =Assumptions!$I$128 -> B | J35: =IF(D35<=Assumptions!$V$128,"Low",IF(D35<=Assumptions!$W$128,"Mid","High")) -> Mid | K35: =Assumptions!$Q$128 -> 2613 | L35: =INDEX(Assumptions!$C$61:$C$90,D35) -> 2826.6288 | M35: =IF(D35<=Assumptions!$G$128,Assumptions!$AK$128,IF(D35<Assumptions!$AH$128,Assumptions!$AK$128+(Assumptions!$AL$128-Assumptions!$AK$128)*(D35-Assumptions!$G$128)/(Assumptions!$AH$128-Assumptions!$G$128),IF(D35<Assumptions!$P$128,Assumptions!$AL$128+(Assumptions!$AM$128-Assumptions!$AL$128)*(D35-Assumptions!$AH$128)/(Assumptions!$P$128-Assumptions!$AH$128),Assumptions!$AM$128))) -> 50000 | N35: =M35/G35 -> 73.746313 | O35: =ROUND(L35+N35,0) -> 2900 | P35: =IF(D35>=Assumptions!$P$128,"High",IF(D35>=Assumptions!$AH$128,"Mid",IF(D35<=Assumptions!$G$128,"Low","Loading"))) -> Mid | Q35: =MAX(K35,MIN(Assumptions!$S$128,O35),Q36) -> 2900 | R35: =IF(AND(Q35<=K35,INDEX(Assumptions!$C$26:$C$36,MATCH(G35,Assumptions!$A$26:$A$36,0))<>""),INDEX(Assumptions!$C$26:$C$36,MATCH(G35,Assumptions!$A$26:$A$36,0)),ROUND(G35*Q35,-2)) -> 1966200 | S35: =TRIM(IF(AND(Assumptions!$L$128<>"",D35<Assumptions!$L$128),"View blocked / roof in front ("&Assumptions!$M$128&"); view premium still loading until L"&Assumptions!$L$128&". ","")&IF(D35=Assumptions!$AH$128,"Mid-floor view premium fully loaded. ","")&IF(D35=Assumptions!$P$128,"High-floor view premium fully loaded. ","")&IF(Q35<=K35,"At developer starting price.","")) | T35: =Assumptions!$AJ$128 -> SSE. Forest Grill pavilions in front of low floors; landed, nature reserve & city views open from mid floor
A36: #10-02 | B36: 1 | C36: 2 | D36: 10 | E36: 2 Bedroom Premium | F36: BP3 | G36: 678 | H36: Classic | I36: =Assumptions!$I$128 -> B | J36: =IF(D36<=Assumptions!$V$128,"Low",IF(D36<=Assumptions!$W$128,"Mid","High")) -> Mid | K36: =Assumptions!$Q$128 -> 2613 | L36: =INDEX(Assumptions!$C$61:$C$90,D36) -> 2811.0863 | M36: =IF(D36<=Assumptions!$G$128,Assumptions!$AK$128,IF(D36<Assumptions!$AH$128,Assumptions!$AK$128+(Assumptions!$AL$128-Assumptions!$AK$128)*(D36-Assumptions!$G$128)/(Assumptions!$AH$128-Assumptions!$G$128),IF(D36<Assumptions!$P$128,Assumptions!$AL$128+(Assumptions!$AM$128-Assumptions!$AL$128)*(D36-Assumptions!$AH$128)/(Assumptions!$P$128-Assumptions!$AH$128),Assumptions!$AM$128))) -> 50000 | N36: =M36/G36 -> 73.746313 | O36: =ROUND(L36+N36,0) -> 2885 | P36: =IF(D36>=Assumptions!$P$128,"High",IF(D36>=Assumptions!$AH$128,"Mid",IF(D36<=Assumptions!$G$128,"Low","Loading"))) -> Mid | Q36: =MAX(K36,MIN(Assumptions!$S$128,O36),Q37) -> 2885 | R36: =IF(AND(Q36<=K36,INDEX(Assumptions!$C$26:$C$36,MATCH(G36,Assumptions!$A$26:$A$36,0))<>""),INDEX(Assumptions!$C$26:$C$36,MATCH(G36,Assumptions!$A$26:$A$36,0)),ROUND(G36*Q36,-2)) -> 1956000 | S36: =TRIM(IF(AND(Assumptions!$L$128<>"",D36<Assumptions!$L$128),"View blocked / roof in front ("&Assumptions!$M$128&"); view premium still loading until L"&Assumptions!$L$128&". ","")&IF(D36=Assumptions!$AH$128,"Mid-floor view premium fully loaded. ","")&IF(D36=Assumptions!$P$128,"High-floor view premium fully loaded. ","")&IF(Q36<=K36,"At developer starting price.","")) | T36: =Assumptions!$AJ$128 -> SSE. Forest Grill pavilions in front of low floors; landed, nature reserve & city views open from mid floor
... A43: #03-02 | B43: 1 | C43: 2 | D43: 3 | E43: 2 Bedroom Premium | F43: BP3 | G43: 678 | H43: Classic | I43: =Assumptions!$I$128 -> B | J43: =IF(D43<=Assumptions!$V$128,"Low",IF(D43<=Assumptions!$W$128,"Mid","High")) -> Low | K43: =Assumptions!$Q$128 -> 2613 | L43: =INDEX(Assumptions!$C$61:$C$90,D43) -> 2702.2888 | M43: =IF(D43<=Assumptions!$G$128,Assumptions!$AK$128,IF(D43<Assumptions!$AH$128,Assumptions!$AK$128+(Assumptions!$AL$128-Assumptions!$AK$128)*(D43-Assumptions!$G$128)/(Assumptions!$AH$128-Assumptions!$G$128),IF(D43<Assumptions!$P$128,Assumptions!$AL$128+(Assumptions!$AM$128-Assumptions!$AL$128)*(D43-Assumptions!$AH$128)/(Assumptions!$P$128-Assumptions!$AH$128),Assumptions!$AM$128))) -> -33333.333 | N43: =M43/G43 -> -49.164208 | O43: =ROUND(L43+N43,0) -> 2653 | P43: =IF(D43>=Assumptions!$P$128,"High",IF(D43>=Assumptions!$AH$128,"Mid",IF(D43<=Assumptions!$G$128,"Low","Loading"))) -> Loading | Q43: =MAX(K43,MIN(Assumptions!$S$128,O43),Q44) -> 2653 | R43: =IF(AND(Q43<=K43,INDEX(Assumptions!$C$26:$C$36,MATCH(G43,Assumptions!$A$26:$A$36,0))<>""),INDEX(Assumptions!$C$26:$C$36,MATCH(G43,Assumptions!$A$26:$A$36,0)),ROUND(G43*Q43,-2)) -> 1798700 | S43: =TRIM(IF(AND(Assumptions!$L$128<>"",D43<Assumptions!$L$128),"View blocked / roof in front ("&Assumptions!$M$128&"); view premium still loading until L"&Assumptions!$L$128&". ","")&IF(D43=Assumptions!$AH$128,"Mid-floor view premium fully loaded. ","")&IF(D43=Assumptions!$P$128,"High-floor view premium fully loaded. ","")&IF(Q43<=K43,"At developer starting price.","")) -> View blocked / roof in front (Forest Grill Pavilion 2: 41% of view, 27.5 to 37m away); view premium still loading until L5. | T43: =Assumptions!$AJ$128 -> SSE. Forest Grill pavilions in front of low floors; landed, nature reserve & city views open from mid floor
A44: #02-02 | B44: 1 | C44: 2 | D44: 2 | E44: 2 Bedroom Premium | F44: BP3p | G44: 678 | H44: Classic | I44: =Assumptions!$I$128 -> B | J44: =IF(D44<=Assumptions!$V$128,"Low",IF(D44<=Assumptions!$W$128,"Mid","High")) -> Low | K44: =Assumptions!$Q$128 -> 2613 | L44: =INDEX(Assumptions!$C$61:$C$90,D44) -> 2686.7463 | M44: =IF(D44<=Assumptions!$G$128,Assumptions!$AK$128,IF(D44<Assumptions!$AH$128,Assumptions!$AK$128+(Assumptions!$AL$128-Assumptions!$AK$128)*(D44-Assumptions!$G$128)/(Assumptions!$AH$128-Assumptions!$G$128),IF(D44<Assumptions!$P$128,Assumptions!$AL$128+(Assumptions!$AM$128-Assumptions!$AL$128)*(D44-Assumptions!$AH$128)/(Assumptions!$P$128-Assumptions!$AH$128),Assumptions!$AM$128))) -> -50000 | N44: =M44/G44 -> -73.746313 | O44: =ROUND(L44+N44,0) -> 2613 | P44: =IF(D44>=Assumptions!$P$128,"High",IF(D44>=Assumptions!$AH$128,"Mid",IF(D44<=Assumptions!$G$128,"Low","Loading"))) -> Low | Q44: =MAX(K44,MIN(Assumptions!$S$128,O44)) -> 2613 | R44: =IF(AND(Q44<=K44,INDEX(Assumptions!$C$26:$C$36,MATCH(G44,Assumptions!$A$26:$A$36,0))<>""),INDEX(Assumptions!$C$26:$C$36,MATCH(G44,Assumptions!$A$26:$A$36,0)),ROUND(G44*Q44,-2)) -> 1772000 | S44: =TRIM(IF(AND(Assumptions!$L$128<>"",D44<Assumptions!$L$128),"View blocked / roof in front ("&Assumptions!$M$128&"); view premium still loading until L"&Assumptions!$L$128&". ","")&IF(D44=Assumptions!$AH$128,"Mid-floor view premium fully loaded. ","")&IF(D44=Assumptions!$P$128,"High-floor view premium fully loaded. ","")&IF(Q44<=K44,"At developer starting price.","")) -> View blocked / roof in front (Forest Grill Pavilion 2: 41% of view, 27.5 to 37m away); view premium still loading until L5. At developer starting price. | T44: =Assumptions!$AJ$128 -> SSE. Forest Grill pavilions in front of low floors; landed, nature reserve & city views open from mid floor
A45: #21-03 | B45: 1 | C45: 3 | D45: 21 | E45: 2 Bedroom Premium | F45: BP1 | G45: 678 | H45: Classic | I45: =Assumptions!$I$129 -> B | J45: =IF(D45<=Assumptions!$V$129,"Low",IF(D45<=Assumptions!$W$129,"Mid","High")) -> High | K45: =Assumptions!$Q$129 -> 2613 | L45: =INDEX(Assumptions!$C$61:$C$90,D45) -> 3050.8643 | M45: =IF(D45<=Assumptions!$G$129,Assumptions!$AK$129,IF(D45<Assumptions!$AH$129,Assumptions!$AK$129+(Assumptions!$AL$129-Assumptions!$AK$129)*(D45-Assumptions!$G$129)/(Assumptions!$AH$129-Assumptions!$G$129),IF(D45<Assumptions!$P$129,Assumptions!$AL$129+(Assumptions!$AM$129-Assumptions!$AL$129)*(D45-Assumptions!$AH$129)/(Assumptions!$P$129-Assumptions!$AH$129),Assumptions!$AM$129))) -> 50000 | N45: =M45/G45 -> 73.746313 | O45: =ROUND(L45+N45,0) -> 3125 | P45: =IF(D45>=Assumptions!$P$129,"High",IF(D45>=Assumptions!$AH$129,"Mid",IF(D45<=Assumptions!$G$129,"Low","Loading"))) -> High | Q45: =MAX(K45,MIN(Assumptions!$S$129,O45),Q46) -> 3125 | R45: =IF(AND(Q45<=K45,INDEX(Assumptions!$C$26:$C$36,MATCH(G45,Assumptions!$A$26:$A$36,0))<>""),INDEX(Assumptions!$C$26:$C$36,MATCH(G45,Assumptions!$A$26:$A$36,0)),ROUND(G45*Q45,-2)) -> 2118800 | S45: =TRIM(IF(AND(Assumptions!$L$129<>"",D45<Assumptions!$L$129),"View blocked / roof in front ("&Assumptions!$M$129&"); view premium still loading until L"&Assumptions!$L$129&". ","")&IF(D45=Assumptions!$AH$129,"Mid-floor view premium fully loaded. ","")&IF(D45=Assumptions!$P$129,"High-floor view premium fully loaded. ","")&IF(Q45<=K45,"At developer starting price.","")) | T45: =Assumptions!$AJ$129 -> SSE. Forest Grill pavilions in front of low floors; landed, nature reserve & city views open from mid floor
A46: #20-03 | B46: 1 | C46: 3 | D46: 20 | E46: 2 Bedroom Premium | F46: BP1 | G46: 678 | H46: Classic | I46: =Assumptions!$I$129 -> B | J46: =IF(D46<=Assumptions!$V$129,"Low",IF(D46<=Assumptions!$W$129,"Mid","High")) -> High | K46: =Assumptions!$Q$129 -> 2613 | L46: =INDEX(Assumptions!$C$61:$C$90,D46) -> 3028.0786 | M46: =IF(D46<=Assumptions!$G$129,Assumptions!$AK$129,IF(D46<Assumptions!$AH$129,Assumptions!$AK$129+(Assumptions!$AL$129-Assumptions!$AK$129)*(D46-Assumptions!$G$129)/(Assumptions!$AH$129-Assumptions!$G$129),IF(D46<Assumptions!$P$129,Assumptions!$AL$129+(Assumptions!$AM$129-Assumptions!$AL$129)*(D46-Assumptions!$AH$129)/(Assumptions!$P$129-Assumptions!$AH$129),Assumptions!$AM$129))) -> 50000 | N46: =M46/G46 -> 73.746313 | O46: =ROUND(L46+N46,0) -> 3102 | P46: =IF(D46>=Assumptions!$P$129,"High",IF(D46>=Assumptions!$AH$129,"Mid",IF(D46<=Assumptions!$G$129,"Low","Loading"))) -> High | Q46: =MAX(K46,MIN(Assumptions!$S$129,O46),Q47) -> 3102 | R46: =IF(AND(Q46<=K46,INDEX(Assumptions!$C$26:$C$36,MATCH(G46,Assumptions!$A$26:$A$36,0))<>""),INDEX(Assumptions!$C$26:$C$36,MATCH(G46,Assumptions!$A$26:$A$36,0)),ROUND(G46*Q46,-2)) -> 2103200 | S46: =TRIM(IF(AND(Assumptions!$L$129<>"",D46<Assumptions!$L$129),"View blocked / roof in front ("&Assumptions!$M$129&"); view premium still loading until L"&Assumptions!$L$129&". ","")&IF(D46=Assumptions!$AH$129,"Mid-floor view premium fully loaded. ","")&IF(D46=Assumptions!$P$129,"High-floor view premium fully loaded. ","")&IF(Q46<=K46,"At developer starting price.","")) | T46: =Assumptions!$AJ$129 -> SSE. Forest Grill pavilions in front of low floors; landed, nature reserve & city views open from mid floor
A47: #19-03 | B47: 1 | C47: 3 | D47: 19 | E47: 2 Bedroom Premium | F47: BP1 | G47: 678 | H47: Classic | I47: =Assumptions!$I$129 -> B | J47: =IF(D47<=Assumptions!$V$129,"Low",IF(D47<=Assumptions!$W$129,"Mid","High")) -> High | K47: =Assumptions!$Q$129 -> 2613 | L47: =INDEX(Assumptions!$C$61:$C$90,D47) -> 3005.2929 | M47: =IF(D47<=Assumptions!$G$129,Assumptions!$AK$129,IF(D47<Assumptions!$AH$129,Assumptions!$AK$129+(Assumptions!$AL$129-Assumptions!$AK$129)*(D47-Assumptions!$G$129)/(Assumptions!$AH$129-Assumptions!$G$129),IF(D47<Assumptions!$P$129,Assumptions!$AL$129+(Assumptions!$AM$129-Assumptions!$AL$129)*(D47-Assumptions!$AH$129)/(Assumptions!$P$129-Assumptions!$AH$129),Assumptions!$AM$129))) -> 50000 | N47: =M47/G47 -> 73.746313 | O47: =ROUND(L47+N47,0) -> 3079 | P47: =IF(D47>=Assumptions!$P$129,"High",IF(D47>=Assumptions!$AH$129,"Mid",IF(D47<=Assumptions!$G$129,"Low","Loading"))) -> High | Q47: =MAX(K47,MIN(Assumptions!$S$129,O47),Q48) -> 3079 | R47: =IF(AND(Q47<=K47,INDEX(Assumptions!$C$26:$C$36,MATCH(G47,Assumptions!$A$26:$A$36,0))<>""),INDEX(Assumptions!$C$26:$C$36,MATCH(G47,Assumptions!$A$26:$A$36,0)),ROUND(G47*Q47,-2)) -> 2087600 | S47: =TRIM(IF(AND(Assumptions!$L$129<>"",D47<Assumptions!$L$129),"View blocked / roof in front ("&Assumptions!$M$129&"); view premium still loading until L"&Assumptions!$L$129&". ","")&IF(D47=Assumptions!$AH$129,"Mid-floor view premium fully loaded. ","")&IF(D47=Assumptions!$P$129,"High-floor view premium fully loaded. ","")&IF(Q47<=K47,"At developer starting price.","")) | T47: =Assumptions!$AJ$129 -> SSE. Forest Grill pavilions in front of low floors; landed, nature reserve & city views open from mid floor
A48: #18-03 | B48: 1 | C48: 3 | D48: 18 | E48: 2 Bedroom Premium | F48: BP1 | G48: 678 | H48: Classic | I48: =Assumptions!$I$129 -> B | J48: =IF(D48<=Assumptions!$V$129,"Low",IF(D48<=Assumptions!$W$129,"Mid","High")) -> High | K48: =Assumptions!$Q$129 -> 2613 | L48: =INDEX(Assumptions!$C$61:$C$90,D48) -> 2982.5071 | M48: =IF(D48<=Assumptions!$G$129,Assumptions!$AK$129,IF(D48<Assumptions!$AH$129,Assumptions!$AK$129+(Assumptions!$AL$129-Assumptions!$AK$129)*(D48-Assumptions!$G$129)/(Assumptions!$AH$129-Assumptions!$G$129),IF(D48<Assumptions!$P$129,Assumptions!$AL$129+(Assumptions!$AM$129-Assumptions!$AL$129)*(D48-Assumptions!$AH$129)/(Assumptions!$P$129-Assumptions!$AH$129),Assumptions!$AM$129))) -> 50000 | N48: =M48/G48 -> 73.746313 | O48: =ROUND(L48+N48,0) -> 3056 | P48: =IF(D48>=Assumptions!$P$129,"High",IF(D48>=Assumptions!$AH$129,"Mid",IF(D48<=Assumptions!$G$129,"Low","Loading"))) -> High | Q48: =MAX(K48,MIN(Assumptions!$S$129,O48),Q49) -> 3056 | R48: =IF(AND(Q48<=K48,INDEX(Assumptions!$C$26:$C$36,MATCH(G48,Assumptions!$A$26:$A$36,0))<>""),INDEX(Assumptions!$C$26:$C$36,MATCH(G48,Assumptions!$A$26:$A$36,0)),ROUND(G48*Q48,-2)) -> 2072000 | S48: =TRIM(IF(AND(Assumptions!$L$129<>"",D48<Assumptions!$L$129),"View blocked / roof in front ("&Assumptions!$M$129&"); view premium still loading until L"&Assumptions!$L$129&". ","")&IF(D48=Assumptions!$AH$129,"Mid-floor view premium fully loaded. ","")&IF(D48=Assumptions!$P$129,"High-floor view premium fully loaded. ","")&IF(Q48<=K48,"At developer starting price.","")) | T48: =Assumptions!$AJ$129 -> SSE. Forest Grill pavilions in front of low floors; landed, nature reserve & city views open from mid floor
A49: #17-03 | B49: 1 | C49: 3 | D49: 17 | E49: 2 Bedroom Premium | F49: BP1 | G49: 678 | H49: Classic | I49: =Assumptions!$I$129 -> B | J49: =IF(D49<=Assumptions!$V$129,"Low",IF(D49<=Assumptions!$W$129,"Mid","High")) -> High | K49: =Assumptions!$Q$129 -> 2613 | L49: =INDEX(Assumptions!$C$61:$C$90,D49) -> 2959.7214 | M49: =IF(D49<=Assumptions!$G$129,Assumptions!$AK$129,IF(D49<Assumptions!$AH$129,Assumptions!$AK$129+(Assumptions!$AL$129-Assumptions!$AK$129)*(D49-Assumptions!$G$129)/(Assumptions!$AH$129-Assumptions!$G$129),IF(D49<Assumptions!$P$129,Assumptions!$AL$129+(Assumptions!$AM$129-Assumptions!$AL$129)*(D49-Assumptions!$AH$129)/(Assumptions!$P$129-Assumptions!$AH$129),Assumptions!$AM$129))) -> 50000 | N49: =M49/G49 -> 73.746313 | O49: =ROUND(L49+N49,0) -> 3033 | P49: =IF(D49>=Assumptions!$P$129,"High",IF(D49>=Assumptions!$AH$129,"Mid",IF(D49<=Assumptions!$G$129,"Low","Loading"))) -> High | Q49: =MAX(K49,MIN(Assumptions!$S$129,O49),Q50) -> 3033 | R49: =IF(AND(Q49<=K49,INDEX(Assumptions!$C$26:$C$36,MATCH(G49,Assumptions!$A$26:$A$36,0))<>""),INDEX(Assumptions!$C$26:$C$36,MATCH(G49,Assumptions!$A$26:$A$36,0)),ROUND(G49*Q49,-2)) -> 2056400 | S49: =TRIM(IF(AND(Assumptions!$L$129<>"",D49<Assumptions!$L$129),"View blocked / roof in front ("&Assumptions!$M$129&"); view premium still loading until L"&Assumptions!$L$129&". ","")&IF(D49=Assumptions!$AH$129,"Mid-floor view premium fully loaded. ","")&IF(D49=Assumptions!$P$129,"High-floor view premium fully loaded. ","")&IF(Q49<=K49,"At developer starting price.","")) | T49: =Assumptions!$AJ$129 -> SSE. Forest Grill pavilions in front of low floors; landed, nature reserve & city views open from mid floor
A50: #16-03 | B50: 1 | C50: 3 | D50: 16 | E50: 2 Bedroom Premium | F50: BP1 | G50: 678 | H50: Classic | I50: =Assumptions!$I$129 -> B | J50: =IF(D50<=Assumptions!$V$129,"Low",IF(D50<=Assumptions!$W$129,"Mid","High")) -> High | K50: =Assumptions!$Q$129 -> 2613 | L50: =INDEX(Assumptions!$C$61:$C$90,D50) -> 2936.9357 | M50: =IF(D50<=Assumptions!$G$129,Assumptions!$AK$129,IF(D50<Assumptions!$AH$129,Assumptions!$AK$129+(Assumptions!$AL$129-Assumptions!$AK$129)*(D50-Assumptions!$G$129)/(Assumptions!$AH$129-Assumptions!$G$129),IF(D50<Assumptions!$P$129,Assumptions!$AL$129+(Assumptions!$AM$129-Assumptions!$AL$129)*(D50-Assumptions!$AH$129)/(Assumptions!$P$129-Assumptions!$AH$129),Assumptions!$AM$129))) -> 50000 | N50: =M50/G50 -> 73.746313 | O50: =ROUND(L50+N50,0) -> 3011 | P50: =IF(D50>=Assumptions!$P$129,"High",IF(D50>=Assumptions!$AH$129,"Mid",IF(D50<=Assumptions!$G$129,"Low","Loading"))) -> High | Q50: =MAX(K50,MIN(Assumptions!$S$129,O50),Q51) -> 3011 | R50: =IF(AND(Q50<=K50,INDEX(Assumptions!$C$26:$C$36,MATCH(G50,Assumptions!$A$26:$A$36,0))<>""),INDEX(Assumptions!$C$26:$C$36,MATCH(G50,Assumptions!$A$26:$A$36,0)),ROUND(G50*Q50,-2)) -> 2041500 | S50: =TRIM(IF(AND(Assumptions!$L$129<>"",D50<Assumptions!$L$129),"View blocked / roof in front ("&Assumptions!$M$129&"); view premium still loading until L"&Assumptions!$L$129&". ","")&IF(D50=Assumptions!$AH$129,"Mid-floor view premium fully loaded. ","")&IF(D50=Assumptions!$P$129,"High-floor view premium fully loaded. ","")&IF(Q50<=K50,"At developer starting price.","")) -> High-floor view premium fully loaded. | T50: =Assumptions!$AJ$129 -> SSE. Forest Grill pavilions in front of low floors; landed, nature reserve & city views open from mid floor
A51: #15-03 | B51: 1 | C51: 3 | D51: 15 | E51: 2 Bedroom Premium | F51: BP1 | G51: 678 | H51: Classic | I51: =Assumptions!$I$129 -> B | J51: =IF(D51<=Assumptions!$V$129,"Low",IF(D51<=Assumptions!$W$129,"Mid","High")) -> Mid | K51: =Assumptions!$Q$129 -> 2613 | L51: =INDEX(Assumptions!$C$61:$C$90,D51) -> 2914.15 | M51: =IF(D51<=Assumptions!$G$129,Assumptions!$AK$129,IF(D51<Assumptions!$AH$129,Assumptions!$AK$129+(Assumptions!$AL$129-Assumptions!$AK$129)*(D51-Assumptions!$G$129)/(Assumptions!$AH$129-Assumptions!$G$129),IF(D51<Assumptions!$P$129,Assumptions!$AL$129+(Assumptions!$AM$129-Assumptions!$AL$129)*(D51-Assumptions!$AH$129)/(Assumptions!$P$129-Assumptions!$AH$129),Assumptions!$AM$129))) -> 50000 | N51: =M51/G51 -> 73.746313 | O51: =ROUND(L51+N51,0) -> 2988 | P51: =IF(D51>=Assumptions!$P$129,"High",IF(D51>=Assumptions!$AH$129,"Mid",IF(D51<=Assumptions!$G$129,"Low","Loading"))) -> Mid | Q51: =MAX(K51,MIN(Assumptions!$S$129,O51),Q52) -> 2988 | R51: =IF(AND(Q51<=K51,INDEX(Assumptions!$C$26:$C$36,MATCH(G51,Assumptions!$A$26:$A$36,0))<>""),INDEX(Assumptions!$C$26:$C$36,MATCH(G51,Assumptions!$A$26:$A$36,0)),ROUND(G51*Q51,-2)) -> 2025900 | S51: =TRIM(IF(AND(Assumptions!$L$129<>"",D51<Assumptions!$L$129),"View blocked / roof in front ("&Assumptions!$M$129&"); view premium still loading until L"&Assumptions!$L$129&". ","")&IF(D51=Assumptions!$AH$129,"Mid-floor view premium fully loaded. ","")&IF(D51=Assumptions!$P$129,"High-floor view premium fully loaded. ","")&IF(Q51<=K51,"At developer starting price.","")) | T51: =Assumptions!$AJ$129 -> SSE. Forest Grill pavilions in front of low floors; landed, nature reserve & city views open from mid floor
A52: #14-03 | B52: 1 | C52: 3 | D52: 14 | E52: 2 Bedroom Premium | F52: BP1 | G52: 678 | H52: Classic | I52: =Assumptions!$I$129 -> B | J52: =IF(D52<=Assumptions!$V$129,"Low",IF(D52<=Assumptions!$W$129,"Mid","High")) -> Mid | K52: =Assumptions!$Q$129 -> 2613 | L52: =INDEX(Assumptions!$C$61:$C$90,D52) -> 2891.3643 | M52: =IF(D52<=Assumptions!$G$129,Assumptions!$AK$129,IF(D52<Assumptions!$AH$129,Assumptions!$AK$129+(Assumptions!$AL$129-Assumptions!$AK$129)*(D52-Assumptions!$G$129)/(Assumptions!$AH$129-Assumptions!$G$129),IF(D52<Assumptions!$P$129,Assumptions!$AL$129+(Assumptions!$AM$129-Assumptions!$AL$129)*(D52-Assumptions!$AH$129)/(Assumptions!$P$129-Assumptions!$AH$129),Assumptions!$AM$129))) -> 50000 | N52: =M52/G52 -> 73.746313 | O52: =ROUND(L52+N52,0) -> 2965 | P52: =IF(D52>=Assumptions!$P$129,"High",IF(D52>=Assumptions!$AH$129,"Mid",IF(D52<=Assumptions!$G$129,"Low","Loading"))) -> Mid | Q52: =MAX(K52,MIN(Assumptions!$S$129,O52),Q53) -> 2965 | R52: =IF(AND(Q52<=K52,INDEX(Assumptions!$C$26:$C$36,MATCH(G52,Assumptions!$A$26:$A$36,0))<>""),INDEX(Assumptions!$C$26:$C$36,MATCH(G52,Assumptions!$A$26:$A$36,0)),ROUND(G52*Q52,-2)) -> 2010300 | S52: =TRIM(IF(AND(Assumptions!$L$129<>"",D52<Assumptions!$L$129),"View blocked / roof in front ("&Assumptions!$M$129&"); view premium still loading until L"&Assumptions!$L$129&". ","")&IF(D52=Assumptions!$AH$129,"Mid-floor view premium fully loaded. ","")&IF(D52=Assumptions!$P$129,"High-floor view premium fully loaded. ","")&IF(Q52<=K52,"At developer starting price.","")) | T52: =Assumptions!$AJ$129 -> SSE. Forest Grill pavilions in front of low floors; landed, nature reserve & city views open from mid floor
A53: #13-03 | B53: 1 | C53: 3 | D53: 13 | E53: 2 Bedroom Premium | F53: BP1 | G53: 678 | H53: Classic | I53: =Assumptions!$I$129 -> B | J53: =IF(D53<=Assumptions!$V$129,"Low",IF(D53<=Assumptions!$W$129,"Mid","High")) -> Mid | K53: =Assumptions!$Q$129 -> 2613 | L53: =INDEX(Assumptions!$C$61:$C$90,D53) -> 2868.5786 | M53: =IF(D53<=Assumptions!$G$129,Assumptions!$AK$129,IF(D53<Assumptions!$AH$129,Assumptions!$AK$129+(Assumptions!$AL$129-Assumptions!$AK$129)*(D53-Assumptions!$G$129)/(Assumptions!$AH$129-Assumptions!$G$129),IF(D53<Assumptions!$P$129,Assumptions!$AL$129+(Assumptions!$AM$129-Assumptions!$AL$129)*(D53-Assumptions!$AH$129)/(Assumptions!$P$129-Assumptions!$AH$129),Assumptions!$AM$129))) -> 50000 | N53: =M53/G53 -> 73.746313 | O53: =ROUND(L53+N53,0) -> 2942 | P53: =IF(D53>=Assumptions!$P$129,"High",IF(D53>=Assumptions!$AH$129,"Mid",IF(D53<=Assumptions!$G$129,"Low","Loading"))) -> Mid | Q53: =MAX(K53,MIN(Assumptions!$S$129,O53),Q54) -> 2942 | R53: =IF(AND(Q53<=K53,INDEX(Assumptions!$C$26:$C$36,MATCH(G53,Assumptions!$A$26:$A$36,0))<>""),INDEX(Assumptions!$C$26:$C$36,MATCH(G53,Assumptions!$A$26:$A$36,0)),ROUND(G53*Q53,-2)) -> 1994700 | S53: =TRIM(IF(AND(Assumptions!$L$129<>"",D53<Assumptions!$L$129),"View blocked / roof in front ("&Assumptions!$M$129&"); view premium still loading until L"&Assumptions!$L$129&". ","")&IF(D53=Assumptions!$AH$129,"Mid-floor view premium fully loaded. ","")&IF(D53=Assumptions!$P$129,"High-floor view premium fully loaded. ","")&IF(Q53<=K53,"At developer starting price.","")) | T53: =Assumptions!$AJ$129 -> SSE. Forest Grill pavilions in front of low floors; landed, nature reserve & city views open from mid floor
A54: #12-03 | B54: 1 | C54: 3 | D54: 12 | E54: 2 Bedroom Premium | F54: BP1 | G54: 678 | H54: Classic | I54: =Assumptions!$I$129 -> B | J54: =IF(D54<=Assumptions!$V$129,"Low",IF(D54<=Assumptions!$W$129,"Mid","High")) -> Mid | K54: =Assumptions!$Q$129 -> 2613 | L54: =INDEX(Assumptions!$C$61:$C$90,D54) -> 2845.7929 | M54: =IF(D54<=Assumptions!$G$129,Assumptions!$AK$129,IF(D54<Assumptions!$AH$129,Assumptions!$AK$129+(Assumptions!$AL$129-Assumptions!$AK$129)*(D54-Assumptions!$G$129)/(Assumptions!$AH$129-Assumptions!$G$129),IF(D54<Assumptions!$P$129,Assumptions!$AL$129+(Assumptions!$AM$129-Assumptions!$AL$129)*(D54-Assumptions!$AH$129)/(Assumptions!$P$129-Assumptions!$AH$129),Assumptions!$AM$129))) -> 50000 | N54: =M54/G54 -> 73.746313 | O54: =ROUND(L54+N54,0) -> 2920 | P54: =IF(D54>=Assumptions!$P$129,"High",IF(D54>=Assumptions!$AH$129,"Mid",IF(D54<=Assumptions!$G$129,"Low","Loading"))) -> Mid | Q54: =MAX(K54,MIN(Assumptions!$S$129,O54),Q55) -> 2920 | R54: =IF(AND(Q54<=K54,INDEX(Assumptions!$C$26:$C$36,MATCH(G54,Assumptions!$A$26:$A$36,0))<>""),INDEX(Assumptions!$C$26:$C$36,MATCH(G54,Assumptions!$A$26:$A$36,0)),ROUND(G54*Q54,-2)) -> 1979800 | S54: =TRIM(IF(AND(Assumptions!$L$129<>"",D54<Assumptions!$L$129),"View blocked / roof in front ("&Assumptions!$M$129&"); view premium still loading until L"&Assumptions!$L$129&". ","")&IF(D54=Assumptions!$AH$129,"Mid-floor view premium fully loaded. ","")&IF(D54=Assumptions!$P$129,"High-floor view premium fully loaded. ","")&IF(Q54<=K54,"At developer starting price.","")) | T54: =Assumptions!$AJ$129 -> SSE. Forest Grill pavilions in front of low floors; landed, nature reserve & city views open from mid floor
A55: #11-03 | B55: 1 | C55: 3 | D55: 11 | E55: 2 Bedroom Premium | F55: BP1 | G55: 678 | H55: Classic | I55: =Assumptions!$I$129 -> B | J55: =IF(D55<=Assumptions!$V$129,"Low",IF(D55<=Assumptions!$W$129,"Mid","High")) -> Mid | K55: =Assumptions!$Q$129 -> 2613 | L55: =INDEX(Assumptions!$C$61:$C$90,D55) -> 2826.6288 | M55: =IF(D55<=Assumptions!$G$129,Assumptions!$AK$129,IF(D55<Assumptions!$AH$129,Assumptions!$AK$129+(Assumptions!$AL$129-Assumptions!$AK$129)*(D55-Assumptions!$G$129)/(Assumptions!$AH$129-Assumptions!$G$129),IF(D55<Assumptions!$P$129,Assumptions!$AL$129+(Assumptions!$AM$129-Assumptions!$AL$129)*(D55-Assumptions!$AH$129)/(Assumptions!$P$129-Assumptions!$AH$129),Assumptions!$AM$129))) -> 50000 | N55: =M55/G55 -> 73.746313 | O55: =ROUND(L55+N55,0) -> 2900 | P55: =IF(D55>=Assumptions!$P$129,"High",IF(D55>=Assumptions!$AH$129,"Mid",IF(D55<=Assumptions!$G$129,"Low","Loading"))) -> Mid | Q55: =MAX(K55,MIN(Assumptions!$S$129,O55),Q56) -> 2900 | R55: =IF(AND(Q55<=K55,INDEX(Assumptions!$C$26:$C$36,MATCH(G55,Assumptions!$A$26:$A$36,0))<>""),INDEX(Assumptions!$C$26:$C$36,MATCH(G55,Assumptions!$A$26:$A$36,0)),ROUND(G55*Q55,-2)) -> 1966200 | S55: =TRIM(IF(AND(Assumptions!$L$129<>"",D55<Assumptions!$L$129),"View blocked / roof in front ("&Assumptions!$M$129&"); view premium still loading until L"&Assumptions!$L$129&". ","")&IF(D55=Assumptions!$AH$129,"Mid-floor view premium fully loaded. ","")&IF(D55=Assumptions!$P$129,"High-floor view premium fully loaded. ","")&IF(Q55<=K55,"At developer starting price.","")) | T55: =Assumptions!$AJ$129 -> SSE. Forest Grill pavilions in front of low floors; landed, nature reserve & city views open from mid floor
A56: #10-03 | B56: 1 | C56: 3 | D56: 10 | E56: 2 Bedroom Premium | F56: BP1 | G56: 678 | H56: Classic | I56: =Assumptions!$I$129 -> B | J56: =IF(D56<=Assumptions!$V$129,"Low",IF(D56<=Assumptions!$W$129,"Mid","High")) -> Mid | K56: =Assumptions!$Q$129 -> 2613 | L56: =INDEX(Assumptions!$C$61:$C$90,D56) -> 2811.0863 | M56: =IF(D56<=Assumptions!$G$129,Assumptions!$AK$129,IF(D56<Assumptions!$AH$129,Assumptions!$AK$129+(Assumptions!$AL$129-Assumptions!$AK$129)*(D56-Assumptions!$G$129)/(Assumptions!$AH$129-Assumptions!$G$129),IF(D56<Assumptions!$P$129,Assumptions!$AL$129+(Assumptions!$AM$129-Assumptions!$AL$129)*(D56-Assumptions!$AH$129)/(Assumptions!$P$129-Assumptions!$AH$129),Assumptions!$AM$129))) -> 50000 | N56: =M56/G56 -> 73.746313 | O56: =ROUND(L56+N56,0) -> 2885 | P56: =IF(D56>=Assumptions!$P$129,"High",IF(D56>=Assumptions!$AH$129,"Mid",IF(D56<=Assumptions!$G$129,"Low","Loading"))) -> Mid | Q56: =MAX(K56,MIN(Assumptions!$S$129,O56),Q57) -> 2885 | R56: =IF(AND(Q56<=K56,INDEX(Assumptions!$C$26:$C$36,MATCH(G56,Assumptions!$A$26:$A$36,0))<>""),INDEX(Assumptions!$C$26:$C$36,MATCH(G56,Assumptions!$A$26:$A$36,0)),ROUND(G56*Q56,-2)) -> 1956000 | S56: =TRIM(IF(AND(Assumptions!$L$129<>"",D56<Assumptions!$L$129),"View blocked / roof in front ("&Assumptions!$M$129&"); view premium still loading until L"&Assumptions!$L$129&". ","")&IF(D56=Assumptions!$AH$129,"Mid-floor view premium fully loaded. ","")&IF(D56=Assumptions!$P$129,"High-floor view premium fully loaded. ","")&IF(Q56<=K56,"At developer starting price.","")) | T56: =Assumptions!$AJ$129 -> SSE. Forest Grill pavilions in front of low floors; landed, nature reserve & city views open from mid floor
... A63: #03-03 | B63: 1 | C63: 3 | D63: 3 | E63: 2 Bedroom Premium | F63: BP1 | G63: 678 | H63: Classic | I63: =Assumptions!$I$129 -> B | J63: =IF(D63<=Assumptions!$V$129,"Low",IF(D63<=Assumptions!$W$129,"Mid","High")) -> Low | K63: =Assumptions!$Q$129 -> 2613 | L63: =INDEX(Assumptions!$C$61:$C$90,D63) -> 2702.2888 | M63: =IF(D63<=Assumptions!$G$129,Assumptions!$AK$129,IF(D63<Assumptions!$AH$129,Assumptions!$AK$129+(Assumptions!$AL$129-Assumptions!$AK$129)*(D63-Assumptions!$G$129)/(Assumptions!$AH$129-Assumptions!$G$129),IF(D63<Assumptions!$P$129,Assumptions!$AL$129+(Assumptions!$AM$129-Assumptions!$AL$129)*(D63-Assumptions!$AH$129)/(Assumptions!$P$129-Assumptions!$AH$129),Assumptions!$AM$129))) -> -33333.333 | N63: =M63/G63 -> -49.164208 | O63: =ROUND(L63+N63,0) -> 2653 | P63: =IF(D63>=Assumptions!$P$129,"High",IF(D63>=Assumptions!$AH$129,"Mid",IF(D63<=Assumptions!$G$129,"Low","Loading"))) -> Loading | Q63: =MAX(K63,MIN(Assumptions!$S$129,O63),Q64) -> 2653 | R63: =IF(AND(Q63<=K63,INDEX(Assumptions!$C$26:$C$36,MATCH(G63,Assumptions!$A$26:$A$36,0))<>""),INDEX(Assumptions!$C$26:$C$36,MATCH(G63,Assumptions!$A$26:$A$36,0)),ROUND(G63*Q63,-2)) -> 1798700 | S63: =TRIM(IF(AND(Assumptions!$L$129<>"",D63<Assumptions!$L$129),"View blocked / roof in front ("&Assumptions!$M$129&"); view premium still loading until L"&Assumptions!$L$129&". ","")&IF(D63=Assumptions!$AH$129,"Mid-floor view premium fully loaded. ","")&IF(D63=Assumptions!$P$129,"High-floor view premium fully loaded. ","")&IF(Q63<=K63,"At developer starting price.","")) -> View blocked / roof in front (Forest Grill Pavilion 2: 66% of view, 22.5 to 32.5m away); view premium still loading until L4. | T63: =Assumptions!$AJ$129 -> SSE. Forest Grill pavilions in front of low floors; landed, nature reserve & city views open from mid floor
A64: #02-03 | B64: 1 | C64: 3 | D64: 2 | E64: 2 Bedroom Premium | F64: BP1p | G64: 678 | H64: Classic | I64: =Assumptions!$I$129 -> B | J64: =IF(D64<=Assumptions!$V$129,"Low",IF(D64<=Assumptions!$W$129,"Mid","High")) -> Low | K64: =Assumptions!$Q$129 -> 2613 | L64: =INDEX(Assumptions!$C$61:$C$90,D64) -> 2686.7463 | M64: =IF(D64<=Assumptions!$G$129,Assumptions!$AK$129,IF(D64<Assumptions!$AH$129,Assumptions!$AK$129+(Assumptions!$AL$129-Assumptions!$AK$129)*(D64-Assumptions!$G$129)/(Assumptions!$AH$129-Assumptions!$G$129),IF(D64<Assumptions!$P$129,Assumptions!$AL$129+(Assumptions!$AM$129-Assumptions!$AL$129)*(D64-Assumptions!$AH$129)/(Assumptions!$P$129-Assumptions!$AH$129),Assumptions!$AM$129))) -> -50000 | N64: =M64/G64 -> -73.746313 | O64: =ROUND(L64+N64,0) -> 2613 | P64: =IF(D64>=Assumptions!$P$129,"High",IF(D64>=Assumptions!$AH$129,"Mid",IF(D64<=Assumptions!$G$129,"Low","Loading"))) -> Low | Q64: =MAX(K64,MIN(Assumptions!$S$129,O64)) -> 2613 | R64: =IF(AND(Q64<=K64,INDEX(Assumptions!$C$26:$C$36,MATCH(G64,Assumptions!$A$26:$A$36,0))<>""),INDEX(Assumptions!$C$26:$C$36,MATCH(G64,Assumptions!$A$26:$A$36,0)),ROUND(G64*Q64,-2)) -> 1772000 | S64: =TRIM(IF(AND(Assumptions!$L$129<>"",D64<Assumptions!$L$129),"View blocked / roof in front ("&Assumptions!$M$129&"); view premium still loading until L"&Assumptions!$L$129&". ","")&IF(D64=Assumptions!$AH$129,"Mid-floor view premium fully loaded. ","")&IF(D64=Assumptions!$P$129,"High-floor view premium fully loaded. ","")&IF(Q64<=K64,"At developer starting price.","")) -> View blocked / roof in front (Forest Grill Pavilion 2: 66% of view, 22.5 to 32.5m away); view premium still loading until L4. At developer starting price. | T64: =Assumptions!$AJ$129 -> SSE. Forest Grill pavilions in front of low floors; landed, nature reserve & city views open from mid floor
A65: #21-04 | B65: 1 | C65: 4 | D65: 21 | E65: 2 Bedroom Premium + Study | F65: BPS1 | G65: 732 | H65: Classic | I65: =Assumptions!$I$130 -> C | J65: =IF(D65<=Assumptions!$V$130,"Low",IF(D65<=Assumptions!$W$130,"Mid","High")) -> High | K65: =Assumptions!$Q$130 -> 2630 | L65: =INDEX(Assumptions!$E$61:$E$90,D65) -> 3080.3786 | M65: =IF(D65<=Assumptions!$G$130,Assumptions!$AK$130,IF(D65<Assumptions!$AH$130,Assumptions!$AK$130+(Assumptions!$AL$130-Assumptions!$AK$130)*(D65-Assumptions!$G$130)/(Assumptions!$AH$130-Assumptions!$G$130),IF(D65<Assumptions!$P$130,Assumptions!$AL$130+(Assumptions!$AM$130-Assumptions!$AL$130)*(D65-Assumptions!$AH$130)/(Assumptions!$P$130-Assumptions!$AH$130),Assumptions!$AM$130))) -> 50000 | N65: =M65/G65 -> 68.306011 | O65: =ROUND(L65+N65,0) -> 3149 | P65: =IF(D65>=Assumptions!$P$130,"High",IF(D65>=Assumptions!$AH$130,"Mid",IF(D65<=Assumptions!$G$130,"Low","Loading"))) -> High | Q65: =MAX(K65,MIN(Assumptions!$S$130,O65),Q66) -> 3149 | R65: =IF(AND(Q65<=K65,INDEX(Assumptions!$C$26:$C$36,MATCH(G65,Assumptions!$A$26:$A$36,0))<>""),INDEX(Assumptions!$C$26:$C$36,MATCH(G65,Assumptions!$A$26:$A$36,0)),ROUND(G65*Q65,-2)) -> 2305100 | S65: =TRIM(IF(AND(Assumptions!$L$130<>"",D65<Assumptions!$L$130),"View blocked / roof in front ("&Assumptions!$M$130&"); view premium still loading until L"&Assumptions!$L$130&". ","")&IF(D65=Assumptions!$AH$130,"Mid-floor view premium fully loaded. ","")&IF(D65=Assumptions!$P$130,"High-floor view premium fully loaded. ","")&IF(Q65<=K65,"At developer starting price.","")) | T65: =Assumptions!$AJ$130 -> SSE. 81m setback to road; landed & greenery; same view corridor as Stacks 01-05 from mid floor
A66: #20-04 | B66: 1 | C66: 4 | D66: 20 | E66: 2 Bedroom Premium + Study | F66: BPS1 | G66: 732 | H66: Classic | I66: =Assumptions!$I$130 -> C | J66: =IF(D66<=Assumptions!$V$130,"Low",IF(D66<=Assumptions!$W$130,"Mid","High")) -> High | K66: =Assumptions!$Q$130 -> 2630 | L66: =INDEX(Assumptions!$E$61:$E$90,D66) -> 3057.3071 | M66: =IF(D66<=Assumptions!$G$130,Assumptions!$AK$130,IF(D66<Assumptions!$AH$130,Assumptions!$AK$130+(Assumptions!$AL$130-Assumptions!$AK$130)*(D66-Assumptions!$G$130)/(Assumptions!$AH$130-Assumptions!$G$130),IF(D66<Assumptions!$P$130,Assumptions!$AL$130+(Assumptions!$AM$130-Assumptions!$AL$130)*(D66-Assumptions!$AH$130)/(Assumptions!$P$130-Assumptions!$AH$130),Assumptions!$AM$130))) -> 50000 | N66: =M66/G66 -> 68.306011 | O66: =ROUND(L66+N66,0) -> 3126 | P66: =IF(D66>=Assumptions!$P$130,"High",IF(D66>=Assumptions!$AH$130,"Mid",IF(D66<=Assumptions!$G$130,"Low","Loading"))) -> High | Q66: =MAX(K66,MIN(Assumptions!$S$130,O66),Q67) -> 3126 | R66: =IF(AND(Q66<=K66,INDEX(Assumptions!$C$26:$C$36,MATCH(G66,Assumptions!$A$26:$A$36,0))<>""),INDEX(Assumptions!$C$26:$C$36,MATCH(G66,Assumptions!$A$26:$A$36,0)),ROUND(G66*Q66,-2)) -> 2288200 | S66: =TRIM(IF(AND(Assumptions!$L$130<>"",D66<Assumptions!$L$130),"View blocked / roof in front ("&Assumptions!$M$130&"); view premium still loading until L"&Assumptions!$L$130&". ","")&IF(D66=Assumptions!$AH$130,"Mid-floor view premium fully loaded. ","")&IF(D66=Assumptions!$P$130,"High-floor view premium fully loaded. ","")&IF(Q66<=K66,"At developer starting price.","")) | T66: =Assumptions!$AJ$130 -> SSE. 81m setback to road; landed & greenery; same view corridor as Stacks 01-05 from mid floor
A67: #19-04 | B67: 1 | C67: 4 | D67: 19 | E67: 2 Bedroom Premium + Study | F67: BPS1 | G67: 732 | H67: Classic | I67: =Assumptions!$I$130 -> C | J67: =IF(D67<=Assumptions!$V$130,"Low",IF(D67<=Assumptions!$W$130,"Mid","High")) -> High | K67: =Assumptions!$Q$130 -> 2630 | L67: =INDEX(Assumptions!$E$61:$E$90,D67) -> 3034.2357 | M67: =IF(D67<=Assumptions!$G$130,Assumptions!$AK$130,IF(D67<Assumptions!$AH$130,Assumptions!$AK$130+(Assumptions!$AL$130-Assumptions!$AK$130)*(D67-Assumptions!$G$130)/(Assumptions!$AH$130-Assumptions!$G$130),IF(D67<Assumptions!$P$130,Assumptions!$AL$130+(Assumptions!$AM$130-Assumptions!$AL$130)*(D67-Assumptions!$AH$130)/(Assumptions!$P$130-Assumptions!$AH$130),Assumptions!$AM$130))) -> 50000 | N67: =M67/G67 -> 68.306011 | O67: =ROUND(L67+N67,0) -> 3103 | P67: =IF(D67>=Assumptions!$P$130,"High",IF(D67>=Assumptions!$AH$130,"Mid",IF(D67<=Assumptions!$G$130,"Low","Loading"))) -> High | Q67: =MAX(K67,MIN(Assumptions!$S$130,O67),Q68) -> 3103 | R67: =IF(AND(Q67<=K67,INDEX(Assumptions!$C$26:$C$36,MATCH(G67,Assumptions!$A$26:$A$36,0))<>""),INDEX(Assumptions!$C$26:$C$36,MATCH(G67,Assumptions!$A$26:$A$36,0)),ROUND(G67*Q67,-2)) -> 2271400 | S67: =TRIM(IF(AND(Assumptions!$L$130<>"",D67<Assumptions!$L$130),"View blocked / roof in front ("&Assumptions!$M$130&"); view premium still loading until L"&Assumptions!$L$130&". ","")&IF(D67=Assumptions!$AH$130,"Mid-floor view premium fully loaded. ","")&IF(D67=Assumptions!$P$130,"High-floor view premium fully loaded. ","")&IF(Q67<=K67,"At developer starting price.","")) | T67: =Assumptions!$AJ$130 -> SSE. 81m setback to road; landed & greenery; same view corridor as Stacks 01-05 from mid floor
A68: #18-04 | B68: 1 | C68: 4 | D68: 18 | E68: 2 Bedroom Premium + Study | F68: BPS1 | G68: 732 | H68: Classic | I68: =Assumptions!$I$130 -> C | J68: =IF(D68<=Assumptions!$V$130,"Low",IF(D68<=Assumptions!$W$130,"Mid","High")) -> High | K68: =Assumptions!$Q$130 -> 2630 | L68: =INDEX(Assumptions!$E$61:$E$90,D68) -> 3011.1643 | M68: =IF(D68<=Assumptions!$G$130,Assumptions!$AK$130,IF(D68<Assumptions!$AH$130,Assumptions!$AK$130+(Assumptions!$AL$130-Assumptions!$AK$130)*(D68-Assumptions!$G$130)/(Assumptions!$AH$130-Assumptions!$G$130),IF(D68<Assumptions!$P$130,Assumptions!$AL$130+(Assumptions!$AM$130-Assumptions!$AL$130)*(D68-Assumptions!$AH$130)/(Assumptions!$P$130-Assumptions!$AH$130),Assumptions!$AM$130))) -> 50000 | N68: =M68/G68 -> 68.306011 | O68: =ROUND(L68+N68,0) -> 3079 | P68: =IF(D68>=Assumptions!$P$130,"High",IF(D68>=Assumptions!$AH$130,"Mid",IF(D68<=Assumptions!$G$130,"Low","Loading"))) -> High | Q68: =MAX(K68,MIN(Assumptions!$S$130,O68),Q69) -> 3079 | R68: =IF(AND(Q68<=K68,INDEX(Assumptions!$C$26:$C$36,MATCH(G68,Assumptions!$A$26:$A$36,0))<>""),INDEX(Assumptions!$C$26:$C$36,MATCH(G68,Assumptions!$A$26:$A$36,0)),ROUND(G68*Q68,-2)) -> 2253800 | S68: =TRIM(IF(AND(Assumptions!$L$130<>"",D68<Assumptions!$L$130),"View blocked / roof in front ("&Assumptions!$M$130&"); view premium still loading until L"&Assumptions!$L$130&". ","")&IF(D68=Assumptions!$AH$130,"Mid-floor view premium fully loaded. ","")&IF(D68=Assumptions!$P$130,"High-floor view premium fully loaded. ","")&IF(Q68<=K68,"At developer starting price.","")) | T68: =Assumptions!$AJ$130 -> SSE. 81m setback to road; landed & greenery; same view corridor as Stacks 01-05 from mid floor
A69: #17-04 | B69: 1 | C69: 4 | D69: 17 | E69: 2 Bedroom Premium + Study | F69: BPS1 | G69: 732 | H69: Classic | I69: =Assumptions!$I$130 -> C | J69: =IF(D69<=Assumptions!$V$130,"Low",IF(D69<=Assumptions!$W$130,"Mid","High")) -> High | K69: =Assumptions!$Q$130 -> 2630 | L69: =INDEX(Assumptions!$E$61:$E$90,D69) -> 2988.0929 | M69: =IF(D69<=Assumptions!$G$130,Assumptions!$AK$130,IF(D69<Assumptions!$AH$130,Assumptions!$AK$130+(Assumptions!$AL$130-Assumptions!$AK$130)*(D69-Assumptions!$G$130)/(Assumptions!$AH$130-Assumptions!$G$130),IF(D69<Assumptions!$P$130,Assumptions!$AL$130+(Assumptions!$AM$130-Assumptions!$AL$130)*(D69-Assumptions!$AH$130)/(Assumptions!$P$130-Assumptions!$AH$130),Assumptions!$AM$130))) -> 50000 | N69: =M69/G69 -> 68.306011 | O69: =ROUND(L69+N69,0) -> 3056 | P69: =IF(D69>=Assumptions!$P$130,"High",IF(D69>=Assumptions!$AH$130,"Mid",IF(D69<=Assumptions!$G$130,"Low","Loading"))) -> High | Q69: =MAX(K69,MIN(Assumptions!$S$130,O69),Q70) -> 3056 | R69: =IF(AND(Q69<=K69,INDEX(Assumptions!$C$26:$C$36,MATCH(G69,Assumptions!$A$26:$A$36,0))<>""),INDEX(Assumptions!$C$26:$C$36,MATCH(G69,Assumptions!$A$26:$A$36,0)),ROUND(G69*Q69,-2)) -> 2237000 | S69: =TRIM(IF(AND(Assumptions!$L$130<>"",D69<Assumptions!$L$130),"View blocked / roof in front ("&Assumptions!$M$130&"); view premium still loading until L"&Assumptions!$L$130&". ","")&IF(D69=Assumptions!$AH$130,"Mid-floor view premium fully loaded. ","")&IF(D69=Assumptions!$P$130,"High-floor view premium fully loaded. ","")&IF(Q69<=K69,"At developer starting price.","")) | T69: =Assumptions!$AJ$130 -> SSE. 81m setback to road; landed & greenery; same view corridor as Stacks 01-05 from mid floor
A70: #16-04 | B70: 1 | C70: 4 | D70: 16 | E70: 2 Bedroom Premium + Study | F70: BPS1 | G70: 732 | H70: Classic | I70: =Assumptions!$I$130 -> C | J70: =IF(D70<=Assumptions!$V$130,"Low",IF(D70<=Assumptions!$W$130,"Mid","High")) -> High | K70: =Assumptions!$Q$130 -> 2630 | L70: =INDEX(Assumptions!$E$61:$E$90,D70) -> 2965.0214 | M70: =IF(D70<=Assumptions!$G$130,Assumptions!$AK$130,IF(D70<Assumptions!$AH$130,Assumptions!$AK$130+(Assumptions!$AL$130-Assumptions!$AK$130)*(D70-Assumptions!$G$130)/(Assumptions!$AH$130-Assumptions!$G$130),IF(D70<Assumptions!$P$130,Assumptions!$AL$130+(Assumptions!$AM$130-Assumptions!$AL$130)*(D70-Assumptions!$AH$130)/(Assumptions!$P$130-Assumptions!$AH$130),Assumptions!$AM$130))) -> 50000 | N70: =M70/G70 -> 68.306011 | O70: =ROUND(L70+N70,0) -> 3033 | P70: =IF(D70>=Assumptions!$P$130,"High",IF(D70>=Assumptions!$AH$130,"Mid",IF(D70<=Assumptions!$G$130,"Low","Loading"))) -> High | Q70: =MAX(K70,MIN(Assumptions!$S$130,O70),Q71) -> 3033 | R70: =IF(AND(Q70<=K70,INDEX(Assumptions!$C$26:$C$36,MATCH(G70,Assumptions!$A$26:$A$36,0))<>""),INDEX(Assumptions!$C$26:$C$36,MATCH(G70,Assumptions!$A$26:$A$36,0)),ROUND(G70*Q70,-2)) -> 2220200 | S70: =TRIM(IF(AND(Assumptions!$L$130<>"",D70<Assumptions!$L$130),"View blocked / roof in front ("&Assumptions!$M$130&"); view premium still loading until L"&Assumptions!$L$130&". ","")&IF(D70=Assumptions!$AH$130,"Mid-floor view premium fully loaded. ","")&IF(D70=Assumptions!$P$130,"High-floor view premium fully loaded. ","")&IF(Q70<=K70,"At developer starting price.","")) -> High-floor view premium fully loaded. | T70: =Assumptions!$AJ$130 -> SSE. 81m setback to road; landed & greenery; same view corridor as Stacks 01-05 from mid floor
A71: #15-04 | B71: 1 | C71: 4 | D71: 15 | E71: 2 Bedroom Premium + Study | F71: BPS1 | G71: 732 | H71: Classic | I71: =Assumptions!$I$130 -> C | J71: =IF(D71<=Assumptions!$V$130,"Low",IF(D71<=Assumptions!$W$130,"Mid","High")) -> Mid | K71: =Assumptions!$Q$130 -> 2630 | L71: =INDEX(Assumptions!$E$61:$E$90,D71) -> 2941.95 | M71: =IF(D71<=Assumptions!$G$130,Assumptions!$AK$130,IF(D71<Assumptions!$AH$130,Assumptions!$AK$130+(Assumptions!$AL$130-Assumptions!$AK$130)*(D71-Assumptions!$G$130)/(Assumptions!$AH$130-Assumptions!$G$130),IF(D71<Assumptions!$P$130,Assumptions!$AL$130+(Assumptions!$AM$130-Assumptions!$AL$130)*(D71-Assumptions!$AH$130)/(Assumptions!$P$130-Assumptions!$AH$130),Assumptions!$AM$130))) -> 50000 | N71: =M71/G71 -> 68.306011 | O71: =ROUND(L71+N71,0) -> 3010 | P71: =IF(D71>=Assumptions!$P$130,"High",IF(D71>=Assumptions!$AH$130,"Mid",IF(D71<=Assumptions!$G$130,"Low","Loading"))) -> Mid | Q71: =MAX(K71,MIN(Assumptions!$S$130,O71),Q72) -> 3010 | R71: =IF(AND(Q71<=K71,INDEX(Assumptions!$C$26:$C$36,MATCH(G71,Assumptions!$A$26:$A$36,0))<>""),INDEX(Assumptions!$C$26:$C$36,MATCH(G71,Assumptions!$A$26:$A$36,0)),ROUND(G71*Q71,-2)) -> 2203300 | S71: =TRIM(IF(AND(Assumptions!$L$130<>"",D71<Assumptions!$L$130),"View blocked / roof in front ("&Assumptions!$M$130&"); view premium still loading until L"&Assumptions!$L$130&". ","")&IF(D71=Assumptions!$AH$130,"Mid-floor view premium fully loaded. ","")&IF(D71=Assumptions!$P$130,"High-floor view premium fully loaded. ","")&IF(Q71<=K71,"At developer starting price.","")) | T71: =Assumptions!$AJ$130 -> SSE. 81m setback to road; landed & greenery; same view corridor as Stacks 01-05 from mid floor
A72: #14-04 | B72: 1 | C72: 4 | D72: 14 | E72: 2 Bedroom Premium + Study | F72: BPS1 | G72: 732 | H72: Classic | I72: =Assumptions!$I$130 -> C | J72: =IF(D72<=Assumptions!$V$130,"Low",IF(D72<=Assumptions!$W$130,"Mid","High")) -> Mid | K72: =Assumptions!$Q$130 -> 2630 | L72: =INDEX(Assumptions!$E$61:$E$90,D72) -> 2918.8786 | M72: =IF(D72<=Assumptions!$G$130,Assumptions!$AK$130,IF(D72<Assumptions!$AH$130,Assumptions!$AK$130+(Assumptions!$AL$130-Assumptions!$AK$130)*(D72-Assumptions!$G$130)/(Assumptions!$AH$130-Assumptions!$G$130),IF(D72<Assumptions!$P$130,Assumptions!$AL$130+(Assumptions!$AM$130-Assumptions!$AL$130)*(D72-Assumptions!$AH$130)/(Assumptions!$P$130-Assumptions!$AH$130),Assumptions!$AM$130))) -> 50000 | N72: =M72/G72 -> 68.306011 | O72: =ROUND(L72+N72,0) -> 2987 | P72: =IF(D72>=Assumptions!$P$130,"High",IF(D72>=Assumptions!$AH$130,"Mid",IF(D72<=Assumptions!$G$130,"Low","Loading"))) -> Mid | Q72: =MAX(K72,MIN(Assumptions!$S$130,O72),Q73) -> 2987 | R72: =IF(AND(Q72<=K72,INDEX(Assumptions!$C$26:$C$36,MATCH(G72,Assumptions!$A$26:$A$36,0))<>""),INDEX(Assumptions!$C$26:$C$36,MATCH(G72,Assumptions!$A$26:$A$36,0)),ROUND(G72*Q72,-2)) -> 2186500 | S72: =TRIM(IF(AND(Assumptions!$L$130<>"",D72<Assumptions!$L$130),"View blocked / roof in front ("&Assumptions!$M$130&"); view premium still loading until L"&Assumptions!$L$130&". ","")&IF(D72=Assumptions!$AH$130,"Mid-floor view premium fully loaded. ","")&IF(D72=Assumptions!$P$130,"High-floor view premium fully loaded. ","")&IF(Q72<=K72,"At developer starting price.","")) | T72: =Assumptions!$AJ$130 -> SSE. 81m setback to road; landed & greenery; same view corridor as Stacks 01-05 from mid floor
A73: #13-04 | B73: 1 | C73: 4 | D73: 13 | E73: 2 Bedroom Premium + Study | F73: BPS1 | G73: 732 | H73: Classic | I73: =Assumptions!$I$130 -> C | J73: =IF(D73<=Assumptions!$V$130,"Low",IF(D73<=Assumptions!$W$130,"Mid","High")) -> Mid | K73: =Assumptions!$Q$130 -> 2630 | L73: =INDEX(Assumptions!$E$61:$E$90,D73) -> 2895.8071 | M73: =IF(D73<=Assumptions!$G$130,Assumptions!$AK$130,IF(D73<Assumptions!$AH$130,Assumptions!$AK$130+(Assumptions!$AL$130-Assumptions!$AK$130)*(D73-Assumptions!$G$130)/(Assumptions!$AH$130-Assumptions!$G$130),IF(D73<Assumptions!$P$130,Assumptions!$AL$130+(Assumptions!$AM$130-Assumptions!$AL$130)*(D73-Assumptions!$AH$130)/(Assumptions!$P$130-Assumptions!$AH$130),Assumptions!$AM$130))) -> 50000 | N73: =M73/G73 -> 68.306011 | O73: =ROUND(L73+N73,0) -> 2964 | P73: =IF(D73>=Assumptions!$P$130,"High",IF(D73>=Assumptions!$AH$130,"Mid",IF(D73<=Assumptions!$G$130,"Low","Loading"))) -> Mid | Q73: =MAX(K73,MIN(Assumptions!$S$130,O73),Q74) -> 2964 | R73: =IF(AND(Q73<=K73,INDEX(Assumptions!$C$26:$C$36,MATCH(G73,Assumptions!$A$26:$A$36,0))<>""),INDEX(Assumptions!$C$26:$C$36,MATCH(G73,Assumptions!$A$26:$A$36,0)),ROUND(G73*Q73,-2)) -> 2169600 | S73: =TRIM(IF(AND(Assumptions!$L$130<>"",D73<Assumptions!$L$130),"View blocked / roof in front ("&Assumptions!$M$130&"); view premium still loading until L"&Assumptions!$L$130&". ","")&IF(D73=Assumptions!$AH$130,"Mid-floor view premium fully loaded. ","")&IF(D73=Assumptions!$P$130,"High-floor view premium fully loaded. ","")&IF(Q73<=K73,"At developer starting price.","")) | T73: =Assumptions!$AJ$130 -> SSE. 81m setback to road; landed & greenery; same view corridor as Stacks 01-05 from mid floor
A74: #12-04 | B74: 1 | C74: 4 | D74: 12 | E74: 2 Bedroom Premium + Study | F74: BPS1 | G74: 732 | H74: Classic | I74: =Assumptions!$I$130 -> C | J74: =IF(D74<=Assumptions!$V$130,"Low",IF(D74<=Assumptions!$W$130,"Mid","High")) -> Mid | K74: =Assumptions!$Q$130 -> 2630 | L74: =INDEX(Assumptions!$E$61:$E$90,D74) -> 2872.7357 | M74: =IF(D74<=Assumptions!$G$130,Assumptions!$AK$130,IF(D74<Assumptions!$AH$130,Assumptions!$AK$130+(Assumptions!$AL$130-Assumptions!$AK$130)*(D74-Assumptions!$G$130)/(Assumptions!$AH$130-Assumptions!$G$130),IF(D74<Assumptions!$P$130,Assumptions!$AL$130+(Assumptions!$AM$130-Assumptions!$AL$130)*(D74-Assumptions!$AH$130)/(Assumptions!$P$130-Assumptions!$AH$130),Assumptions!$AM$130))) -> 50000 | N74: =M74/G74 -> 68.306011 | O74: =ROUND(L74+N74,0) -> 2941 | P74: =IF(D74>=Assumptions!$P$130,"High",IF(D74>=Assumptions!$AH$130,"Mid",IF(D74<=Assumptions!$G$130,"Low","Loading"))) -> Mid | Q74: =MAX(K74,MIN(Assumptions!$S$130,O74),Q75) -> 2941 | R74: =IF(AND(Q74<=K74,INDEX(Assumptions!$C$26:$C$36,MATCH(G74,Assumptions!$A$26:$A$36,0))<>""),INDEX(Assumptions!$C$26:$C$36,MATCH(G74,Assumptions!$A$26:$A$36,0)),ROUND(G74*Q74,-2)) -> 2152800 | S74: =TRIM(IF(AND(Assumptions!$L$130<>"",D74<Assumptions!$L$130),"View blocked / roof in front ("&Assumptions!$M$130&"); view premium still loading until L"&Assumptions!$L$130&". ","")&IF(D74=Assumptions!$AH$130,"Mid-floor view premium fully loaded. ","")&IF(D74=Assumptions!$P$130,"High-floor view premium fully loaded. ","")&IF(Q74<=K74,"At developer starting price.","")) | T74: =Assumptions!$AJ$130 -> SSE. 81m setback to road; landed & greenery; same view corridor as Stacks 01-05 from mid floor
A75: #11-04 | B75: 1 | C75: 4 | D75: 11 | E75: 2 Bedroom Premium + Study | F75: BPS1 | G75: 732 | H75: Classic | I75: =Assumptions!$I$130 -> C | J75: =IF(D75<=Assumptions!$V$130,"Low",IF(D75<=Assumptions!$W$130,"Mid","High")) -> Mid | K75: =Assumptions!$Q$130 -> 2630 | L75: =INDEX(Assumptions!$E$61:$E$90,D75) -> 2852.6266 | M75: =IF(D75<=Assumptions!$G$130,Assumptions!$AK$130,IF(D75<Assumptions!$AH$130,Assumptions!$AK$130+(Assumptions!$AL$130-Assumptions!$AK$130)*(D75-Assumptions!$G$130)/(Assumptions!$AH$130-Assumptions!$G$130),IF(D75<Assumptions!$P$130,Assumptions!$AL$130+(Assumptions!$AM$130-Assumptions!$AL$130)*(D75-Assumptions!$AH$130)/(Assumptions!$P$130-Assumptions!$AH$130),Assumptions!$AM$130))) -> 50000 | N75: =M75/G75 -> 68.306011 | O75: =ROUND(L75+N75,0) -> 2921 | P75: =IF(D75>=Assumptions!$P$130,"High",IF(D75>=Assumptions!$AH$130,"Mid",IF(D75<=Assumptions!$G$130,"Low","Loading"))) -> Mid | Q75: =MAX(K75,MIN(Assumptions!$S$130,O75),Q76) -> 2921 | R75: =IF(AND(Q75<=K75,INDEX(Assumptions!$C$26:$C$36,MATCH(G75,Assumptions!$A$26:$A$36,0))<>""),INDEX(Assumptions!$C$26:$C$36,MATCH(G75,Assumptions!$A$26:$A$36,0)),ROUND(G75*Q75,-2)) -> 2138200 | S75: =TRIM(IF(AND(Assumptions!$L$130<>"",D75<Assumptions!$L$130),"View blocked / roof in front ("&Assumptions!$M$130&"); view premium still loading until L"&Assumptions!$L$130&". ","")&IF(D75=Assumptions!$AH$130,"Mid-floor view premium fully loaded. ","")&IF(D75=Assumptions!$P$130,"High-floor view premium fully loaded. ","")&IF(Q75<=K75,"At developer starting price.","")) | T75: =Assumptions!$AJ$130 -> SSE. 81m setback to road; landed & greenery; same view corridor as Stacks 01-05 from mid floor
A76: #10-04 | B76: 1 | C76: 4 | D76: 10 | E76: 2 Bedroom Premium + Study | F76: BPS1 | G76: 732 | H76: Classic | I76: =Assumptions!$I$130 -> C | J76: =IF(D76<=Assumptions!$V$130,"Low",IF(D76<=Assumptions!$W$130,"Mid","High")) -> Mid | K76: =Assumptions!$Q$130 -> 2630 | L76: =INDEX(Assumptions!$E$61:$E$90,D76) -> 2835.4799 | M76: =IF(D76<=Assumptions!$G$130,Assumptions!$AK$130,IF(D76<Assumptions!$AH$130,Assumptions!$AK$130+(Assumptions!$AL$130-Assumptions!$AK$130)*(D76-Assumptions!$G$130)/(Assumptions!$AH$130-Assumptions!$G$130),IF(D76<Assumptions!$P$130,Assumptions!$AL$130+(Assumptions!$AM$130-Assumptions!$AL$130)*(D76-Assumptions!$AH$130)/(Assumptions!$P$130-Assumptions!$AH$130),Assumptions!$AM$130))) -> 50000 | N76: =M76/G76 -> 68.306011 | O76: =ROUND(L76+N76,0) -> 2904 | P76: =IF(D76>=Assumptions!$P$130,"High",IF(D76>=Assumptions!$AH$130,"Mid",IF(D76<=Assumptions!$G$130,"Low","Loading"))) -> Mid | Q76: =MAX(K76,MIN(Assumptions!$S$130,O76),Q77) -> 2904 | R76: =IF(AND(Q76<=K76,INDEX(Assumptions!$C$26:$C$36,MATCH(G76,Assumptions!$A$26:$A$36,0))<>""),INDEX(Assumptions!$C$26:$C$36,MATCH(G76,Assumptions!$A$26:$A$36,0)),ROUND(G76*Q76,-2)) -> 2125700 | S76: =TRIM(IF(AND(Assumptions!$L$130<>"",D76<Assumptions!$L$130),"View blocked / roof in front ("&Assumptions!$M$130&"); view premium still loading until L"&Assumptions!$L$130&". ","")&IF(D76=Assumptions!$AH$130,"Mid-floor view premium fully loaded. ","")&IF(D76=Assumptions!$P$130,"High-floor view premium fully loaded. ","")&IF(Q76<=K76,"At developer starting price.","")) | T76: =Assumptions!$AJ$130 -> SSE. 81m setback to road; landed & greenery; same view corridor as Stacks 01-05 from mid floor
... A83: #03-04 | B83: 1 | C83: 4 | D83: 3 | E83: 2 Bedroom Premium + Study | F83: BPS1 | G83: 732 | H83: Classic | I83: =Assumptions!$I$130 -> C | J83: =IF(D83<=Assumptions!$V$130,"Low",IF(D83<=Assumptions!$W$130,"Mid","High")) -> Low | K83: =Assumptions!$Q$130 -> 2630 | L83: =INDEX(Assumptions!$E$61:$E$90,D83) -> 2715.4527 | M83: =IF(D83<=Assumptions!$G$130,Assumptions!$AK$130,IF(D83<Assumptions!$AH$130,Assumptions!$AK$130+(Assumptions!$AL$130-Assumptions!$AK$130)*(D83-Assumptions!$G$130)/(Assumptions!$AH$130-Assumptions!$G$130),IF(D83<Assumptions!$P$130,Assumptions!$AL$130+(Assumptions!$AM$130-Assumptions!$AL$130)*(D83-Assumptions!$AH$130)/(Assumptions!$P$130-Assumptions!$AH$130),Assumptions!$AM$130))) -> -33333.333 | N83: =M83/G83 -> -45.537341 | O83: =ROUND(L83+N83,0) -> 2670 | P83: =IF(D83>=Assumptions!$P$130,"High",IF(D83>=Assumptions!$AH$130,"Mid",IF(D83<=Assumptions!$G$130,"Low","Loading"))) -> Loading | Q83: =MAX(K83,MIN(Assumptions!$S$130,O83),Q84) -> 2670 | R83: =IF(AND(Q83<=K83,INDEX(Assumptions!$C$26:$C$36,MATCH(G83,Assumptions!$A$26:$A$36,0))<>""),INDEX(Assumptions!$C$26:$C$36,MATCH(G83,Assumptions!$A$26:$A$36,0)),ROUND(G83*Q83,-2)) -> 1954400 | S83: =TRIM(IF(AND(Assumptions!$L$130<>"",D83<Assumptions!$L$130),"View blocked / roof in front ("&Assumptions!$M$130&"); view premium still loading until L"&Assumptions!$L$130&". ","")&IF(D83=Assumptions!$AH$130,"Mid-floor view premium fully loaded. ","")&IF(D83=Assumptions!$P$130,"High-floor view premium fully loaded. ","")&IF(Q83<=K83,"At developer starting price.","")) -> View blocked / roof in front (Forest Grill Pavilion 2: 75% of view, 18.8 to 28.5m away); view premium still loading until L4. | T83: =Assumptions!$AJ$130 -> SSE. 81m setback to road; landed & greenery; same view corridor as Stacks 01-05 from mid floor
A84: #02-04 | B84: 1 | C84: 4 | D84: 2 | E84: 2 Bedroom Premium + Study | F84: BPS1p | G84: 732 | H84: Classic | I84: =Assumptions!$I$130 -> C | J84: =IF(D84<=Assumptions!$V$130,"Low",IF(D84<=Assumptions!$W$130,"Mid","High")) -> Low | K84: =Assumptions!$Q$130 -> 2630 | L84: =INDEX(Assumptions!$E$61:$E$90,D84) -> 2698.306 | M84: =IF(D84<=Assumptions!$G$130,Assumptions!$AK$130,IF(D84<Assumptions!$AH$130,Assumptions!$AK$130+(Assumptions!$AL$130-Assumptions!$AK$130)*(D84-Assumptions!$G$130)/(Assumptions!$AH$130-Assumptions!$G$130),IF(D84<Assumptions!$P$130,Assumptions!$AL$130+(Assumptions!$AM$130-Assumptions!$AL$130)*(D84-Assumptions!$AH$130)/(Assumptions!$P$130-Assumptions!$AH$130),Assumptions!$AM$130))) -> -50000 | N84: =M84/G84 -> -68.306011 | O84: =ROUND(L84+N84,0) -> 2630 | P84: =IF(D84>=Assumptions!$P$130,"High",IF(D84>=Assumptions!$AH$130,"Mid",IF(D84<=Assumptions!$G$130,"Low","Loading"))) -> Low | Q84: =MAX(K84,MIN(Assumptions!$S$130,O84)) -> 2630 | R84: =IF(AND(Q84<=K84,INDEX(Assumptions!$C$26:$C$36,MATCH(G84,Assumptions!$A$26:$A$36,0))<>""),INDEX(Assumptions!$C$26:$C$36,MATCH(G84,Assumptions!$A$26:$A$36,0)),ROUND(G84*Q84,-2)) -> 1925000 | S84: =TRIM(IF(AND(Assumptions!$L$130<>"",D84<Assumptions!$L$130),"View blocked / roof in front ("&Assumptions!$M$130&"); view premium still loading until L"&Assumptions!$L$130&". ","")&IF(D84=Assumptions!$AH$130,"Mid-floor view premium fully loaded. ","")&IF(D84=Assumptions!$P$130,"High-floor view premium fully loaded. ","")&IF(Q84<=K84,"At developer starting price.","")) -> View blocked / roof in front (Forest Grill Pavilion 2: 75% of view, 18.8 to 28.5m away); view premium still loading until L4. At developer starting price. | T84: =Assumptions!$AJ$130 -> SSE. 81m setback to road; landed & greenery; same view corridor as Stacks 01-05 from mid floor
A85: #21-05 | B85: 1 | C85: 5 | D85: 21 | E85: 3 Bedroom Premium + Study | F85: CPS1 | G85: 1152 | H85: Classic | I85: =Assumptions!$I$131 -> B | J85: =IF(D85<=Assumptions!$V$131,"Low",IF(D85<=Assumptions!$W$131,"Mid","High")) -> High | K85: =Assumptions!$Q$131 -> 2650 | L85: =INDEX(Assumptions!$M$61:$M$90,D85) -> 3049.0308 | M85: =IF(D85<=Assumptions!$G$131,Assumptions!$AK$131,IF(D85<Assumptions!$AH$131,Assumptions!$AK$131+(Assumptions!$AL$131-Assumptions!$AK$131)*(D85-Assumptions!$G$131)/(Assumptions!$AH$131-Assumptions!$G$131),IF(D85<Assumptions!$P$131,Assumptions!$AL$131+(Assumptions!$AM$131-Assumptions!$AL$131)*(D85-Assumptions!$AH$131)/(Assumptions!$P$131-Assumptions!$AH$131),Assumptions!$AM$131))) -> 50000 | N85: =M85/G85 -> 43.402778 | O85: =ROUND(L85+N85,0) -> 3092 | P85: =IF(D85>=Assumptions!$P$131,"High",IF(D85>=Assumptions!$AH$131,"Mid",IF(D85<=Assumptions!$G$131,"Low","Loading"))) -> High | Q85: =MAX(K85,MIN(Assumptions!$S$131,O85),Q86) -> 3092 | R85: =IF(AND(Q85<=K85,INDEX(Assumptions!$C$26:$C$36,MATCH(G85,Assumptions!$A$26:$A$36,0))<>""),INDEX(Assumptions!$C$26:$C$36,MATCH(G85,Assumptions!$A$26:$A$36,0)),ROUND(G85*Q85,-2)) -> 3562000 | S85: =TRIM(IF(AND(Assumptions!$L$131<>"",D85<Assumptions!$L$131),"View blocked / roof in front ("&Assumptions!$M$131&"); view premium still loading until L"&Assumptions!$L$131&". ","")&IF(D85=Assumptions!$AH$131,"Mid-floor view premium fully loaded. ","")&IF(D85=Assumptions!$P$131,"High-floor view premium fully loaded. ","")&IF(Q85<=K85,"At developer starting price.","")) | T85: =Assumptions!$AJ$131 -> SSE. Low floors face Forest Grill pavilions; super unblocked landed + nature reserve + city from mid floor; reservoir body on high floors
A86: #20-05 | B86: 1 | C86: 5 | D86: 20 | E86: 3 Bedroom Premium + Study | F86: CPS1 | G86: 1152 | H86: Classic | I86: =Assumptions!$I$131 -> B | J86: =IF(D86<=Assumptions!$V$131,"Low",IF(D86<=Assumptions!$W$131,"Mid","High")) -> High | K86: =Assumptions!$Q$131 -> 2650 | L86: =INDEX(Assumptions!$M$61:$M$90,D86) -> 3024.9385 | M86: =IF(D86<=Assumptions!$G$131,Assumptions!$AK$131,IF(D86<Assumptions!$AH$131,Assumptions!$AK$131+(Assumptions!$AL$131-Assumptions!$AK$131)*(D86-Assumptions!$G$131)/(Assumptions!$AH$131-Assumptions!$G$131),IF(D86<Assumptions!$P$131,Assumptions!$AL$131+(Assumptions!$AM$131-Assumptions!$AL$131)*(D86-Assumptions!$AH$131)/(Assumptions!$P$131-Assumptions!$AH$131),Assumptions!$AM$131))) -> 50000 | N86: =M86/G86 -> 43.402778 | O86: =ROUND(L86+N86,0) -> 3068 | P86: =IF(D86>=Assumptions!$P$131,"High",IF(D86>=Assumptions!$AH$131,"Mid",IF(D86<=Assumptions!$G$131,"Low","Loading"))) -> High | Q86: =MAX(K86,MIN(Assumptions!$S$131,O86),Q87) -> 3068 | R86: =IF(AND(Q86<=K86,INDEX(Assumptions!$C$26:$C$36,MATCH(G86,Assumptions!$A$26:$A$36,0))<>""),INDEX(Assumptions!$C$26:$C$36,MATCH(G86,Assumptions!$A$26:$A$36,0)),ROUND(G86*Q86,-2)) -> 3534300 | S86: =TRIM(IF(AND(Assumptions!$L$131<>"",D86<Assumptions!$L$131),"View blocked / roof in front ("&Assumptions!$M$131&"); view premium still loading until L"&Assumptions!$L$131&". ","")&IF(D86=Assumptions!$AH$131,"Mid-floor view premium fully loaded. ","")&IF(D86=Assumptions!$P$131,"High-floor view premium fully loaded. ","")&IF(Q86<=K86,"At developer starting price.","")) | T86: =Assumptions!$AJ$131 -> SSE. Low floors face Forest Grill pavilions; super unblocked landed + nature reserve + city from mid floor; reservoir body on high floors
A87: #19-05 | B87: 1 | C87: 5 | D87: 19 | E87: 3 Bedroom Premium + Study | F87: CPS1 | G87: 1152 | H87: Classic | I87: =Assumptions!$I$131 -> B | J87: =IF(D87<=Assumptions!$V$131,"Low",IF(D87<=Assumptions!$W$131,"Mid","High")) -> High | K87: =Assumptions!$Q$131 -> 2650 | L87: =INDEX(Assumptions!$M$61:$M$90,D87) -> 3000.8462 | M87: =IF(D87<=Assumptions!$G$131,Assumptions!$AK$131,IF(D87<Assumptions!$AH$131,Assumptions!$AK$131+(Assumptions!$AL$131-Assumptions!$AK$131)*(D87-Assumptions!$G$131)/(Assumptions!$AH$131-Assumptions!$G$131),IF(D87<Assumptions!$P$131,Assumptions!$AL$131+(Assumptions!$AM$131-Assumptions!$AL$131)*(D87-Assumptions!$AH$131)/(Assumptions!$P$131-Assumptions!$AH$131),Assumptions!$AM$131))) -> 50000 | N87: =M87/G87 -> 43.402778 | O87: =ROUND(L87+N87,0) -> 3044 | P87: =IF(D87>=Assumptions!$P$131,"High",IF(D87>=Assumptions!$AH$131,"Mid",IF(D87<=Assumptions!$G$131,"Low","Loading"))) -> High | Q87: =MAX(K87,MIN(Assumptions!$S$131,O87),Q88) -> 3044 | R87: =IF(AND(Q87<=K87,INDEX(Assumptions!$C$26:$C$36,MATCH(G87,Assumptions!$A$26:$A$36,0))<>""),INDEX(Assumptions!$C$26:$C$36,MATCH(G87,Assumptions!$A$26:$A$36,0)),ROUND(G87*Q87,-2)) -> 3506700 | S87: =TRIM(IF(AND(Assumptions!$L$131<>"",D87<Assumptions!$L$131),"View blocked / roof in front ("&Assumptions!$M$131&"); view premium still loading until L"&Assumptions!$L$131&". ","")&IF(D87=Assumptions!$AH$131,"Mid-floor view premium fully loaded. ","")&IF(D87=Assumptions!$P$131,"High-floor view premium fully loaded. ","")&IF(Q87<=K87,"At developer starting price.","")) | T87: =Assumptions!$AJ$131 -> SSE. Low floors face Forest Grill pavilions; super unblocked landed + nature reserve + city from mid floor; reservoir body on high floors
A88: #18-05 | B88: 1 | C88: 5 | D88: 18 | E88: 3 Bedroom Premium + Study | F88: CPS1 | G88: 1152 | H88: Classic | I88: =Assumptions!$I$131 -> B | J88: =IF(D88<=Assumptions!$V$131,"Low",IF(D88<=Assumptions!$W$131,"Mid","High")) -> High | K88: =Assumptions!$Q$131 -> 2650 | L88: =INDEX(Assumptions!$M$61:$M$90,D88) -> 2976.7538 | M88: =IF(D88<=Assumptions!$G$131,Assumptions!$AK$131,IF(D88<Assumptions!$AH$131,Assumptions!$AK$131+(Assumptions!$AL$131-Assumptions!$AK$131)*(D88-Assumptions!$G$131)/(Assumptions!$AH$131-Assumptions!$G$131),IF(D88<Assumptions!$P$131,Assumptions!$AL$131+(Assumptions!$AM$131-Assumptions!$AL$131)*(D88-Assumptions!$AH$131)/(Assumptions!$P$131-Assumptions!$AH$131),Assumptions!$AM$131))) -> 50000 | N88: =M88/G88 -> 43.402778 | O88: =ROUND(L88+N88,0) -> 3020 | P88: =IF(D88>=Assumptions!$P$131,"High",IF(D88>=Assumptions!$AH$131,"Mid",IF(D88<=Assumptions!$G$131,"Low","Loading"))) -> High | Q88: =MAX(K88,MIN(Assumptions!$S$131,O88),Q89) -> 3020 | R88: =IF(AND(Q88<=K88,INDEX(Assumptions!$C$26:$C$36,MATCH(G88,Assumptions!$A$26:$A$36,0))<>""),INDEX(Assumptions!$C$26:$C$36,MATCH(G88,Assumptions!$A$26:$A$36,0)),ROUND(G88*Q88,-2)) -> 3479000 | S88: =TRIM(IF(AND(Assumptions!$L$131<>"",D88<Assumptions!$L$131),"View blocked / roof in front ("&Assumptions!$M$131&"); view premium still loading until L"&Assumptions!$L$131&". ","")&IF(D88=Assumptions!$AH$131,"Mid-floor view premium fully loaded. ","")&IF(D88=Assumptions!$P$131,"High-floor view premium fully loaded. ","")&IF(Q88<=K88,"At developer starting price.","")) | T88: =Assumptions!$AJ$131 -> SSE. Low floors face Forest Grill pavilions; super unblocked landed + nature reserve + city from mid floor; reservoir body on high floors
A89: #17-05 | B89: 1 | C89: 5 | D89: 17 | E89: 3 Bedroom Premium + Study | F89: CPS1 | G89: 1152 | H89: Classic | I89: =Assumptions!$I$131 -> B | J89: =IF(D89<=Assumptions!$V$131,"Low",IF(D89<=Assumptions!$W$131,"Mid","High")) -> High | K89: =Assumptions!$Q$131 -> 2650 | L89: =INDEX(Assumptions!$M$61:$M$90,D89) -> 2952.6615 | M89: =IF(D89<=Assumptions!$G$131,Assumptions!$AK$131,IF(D89<Assumptions!$AH$131,Assumptions!$AK$131+(Assumptions!$AL$131-Assumptions!$AK$131)*(D89-Assumptions!$G$131)/(Assumptions!$AH$131-Assumptions!$G$131),IF(D89<Assumptions!$P$131,Assumptions!$AL$131+(Assumptions!$AM$131-Assumptions!$AL$131)*(D89-Assumptions!$AH$131)/(Assumptions!$P$131-Assumptions!$AH$131),Assumptions!$AM$131))) -> 50000 | N89: =M89/G89 -> 43.402778 | O89: =ROUND(L89+N89,0) -> 2996 | P89: =IF(D89>=Assumptions!$P$131,"High",IF(D89>=Assumptions!$AH$131,"Mid",IF(D89<=Assumptions!$G$131,"Low","Loading"))) -> High | Q89: =MAX(K89,MIN(Assumptions!$S$131,O89),Q90) -> 2996 | R89: =IF(AND(Q89<=K89,INDEX(Assumptions!$C$26:$C$36,MATCH(G89,Assumptions!$A$26:$A$36,0))<>""),INDEX(Assumptions!$C$26:$C$36,MATCH(G89,Assumptions!$A$26:$A$36,0)),ROUND(G89*Q89,-2)) -> 3451400 | S89: =TRIM(IF(AND(Assumptions!$L$131<>"",D89<Assumptions!$L$131),"View blocked / roof in front ("&Assumptions!$M$131&"); view premium still loading until L"&Assumptions!$L$131&". ","")&IF(D89=Assumptions!$AH$131,"Mid-floor view premium fully loaded. ","")&IF(D89=Assumptions!$P$131,"High-floor view premium fully loaded. ","")&IF(Q89<=K89,"At developer starting price.","")) | T89: =Assumptions!$AJ$131 -> SSE. Low floors face Forest Grill pavilions; super unblocked landed + nature reserve + city from mid floor; reservoir body on high floors
A90: #16-05 | B90: 1 | C90: 5 | D90: 16 | E90: 3 Bedroom Premium + Study | F90: CPS1 | G90: 1152 | H90: Classic | I90: =Assumptions!$I$131 -> B | J90: =IF(D90<=Assumptions!$V$131,"Low",IF(D90<=Assumptions!$W$131,"Mid","High")) -> High | K90: =Assumptions!$Q$131 -> 2650 | L90: =INDEX(Assumptions!$M$61:$M$90,D90) -> 2928.5692 | M90: =IF(D90<=Assumptions!$G$131,Assumptions!$AK$131,IF(D90<Assumptions!$AH$131,Assumptions!$AK$131+(Assumptions!$AL$131-Assumptions!$AK$131)*(D90-Assumptions!$G$131)/(Assumptions!$AH$131-Assumptions!$G$131),IF(D90<Assumptions!$P$131,Assumptions!$AL$131+(Assumptions!$AM$131-Assumptions!$AL$131)*(D90-Assumptions!$AH$131)/(Assumptions!$P$131-Assumptions!$AH$131),Assumptions!$AM$131))) -> 50000 | N90: =M90/G90 -> 43.402778 | O90: =ROUND(L90+N90,0) -> 2972 | P90: =IF(D90>=Assumptions!$P$131,"High",IF(D90>=Assumptions!$AH$131,"Mid",IF(D90<=Assumptions!$G$131,"Low","Loading"))) -> High | Q90: =MAX(K90,MIN(Assumptions!$S$131,O90),Q91) -> 2972 | R90: =IF(AND(Q90<=K90,INDEX(Assumptions!$C$26:$C$36,MATCH(G90,Assumptions!$A$26:$A$36,0))<>""),INDEX(Assumptions!$C$26:$C$36,MATCH(G90,Assumptions!$A$26:$A$36,0)),ROUND(G90*Q90,-2)) -> 3423700 | S90: =TRIM(IF(AND(Assumptions!$L$131<>"",D90<Assumptions!$L$131),"View blocked / roof in front ("&Assumptions!$M$131&"); view premium still loading until L"&Assumptions!$L$131&". ","")&IF(D90=Assumptions!$AH$131,"Mid-floor view premium fully loaded. ","")&IF(D90=Assumptions!$P$131,"High-floor view premium fully loaded. ","")&IF(Q90<=K90,"At developer starting price.","")) -> High-floor view premium fully loaded. | T90: =Assumptions!$AJ$131 -> SSE. Low floors face Forest Grill pavilions; super unblocked landed + nature reserve + city from mid floor; reservoir body on high floors
A91: #15-05 | B91: 1 | C91: 5 | D91: 15 | E91: 3 Bedroom Premium + Study | F91: CPS1 | G91: 1152 | H91: Classic | I91: =Assumptions!$I$131 -> B | J91: =IF(D91<=Assumptions!$V$131,"Low",IF(D91<=Assumptions!$W$131,"Mid","High")) -> Mid | K91: =Assumptions!$Q$131 -> 2650 | L91: =INDEX(Assumptions!$M$61:$M$90,D91) -> 2904.4769 | M91: =IF(D91<=Assumptions!$G$131,Assumptions!$AK$131,IF(D91<Assumptions!$AH$131,Assumptions!$AK$131+(Assumptions!$AL$131-Assumptions!$AK$131)*(D91-Assumptions!$G$131)/(Assumptions!$AH$131-Assumptions!$G$131),IF(D91<Assumptions!$P$131,Assumptions!$AL$131+(Assumptions!$AM$131-Assumptions!$AL$131)*(D91-Assumptions!$AH$131)/(Assumptions!$P$131-Assumptions!$AH$131),Assumptions!$AM$131))) -> 50000 | N91: =M91/G91 -> 43.402778 | O91: =ROUND(L91+N91,0) -> 2948 | P91: =IF(D91>=Assumptions!$P$131,"High",IF(D91>=Assumptions!$AH$131,"Mid",IF(D91<=Assumptions!$G$131,"Low","Loading"))) -> Mid | Q91: =MAX(K91,MIN(Assumptions!$S$131,O91),Q92) -> 2948 | R91: =IF(AND(Q91<=K91,INDEX(Assumptions!$C$26:$C$36,MATCH(G91,Assumptions!$A$26:$A$36,0))<>""),INDEX(Assumptions!$C$26:$C$36,MATCH(G91,Assumptions!$A$26:$A$36,0)),ROUND(G91*Q91,-2)) -> 3396100 | S91: =TRIM(IF(AND(Assumptions!$L$131<>"",D91<Assumptions!$L$131),"View blocked / roof in front ("&Assumptions!$M$131&"); view premium still loading until L"&Assumptions!$L$131&". ","")&IF(D91=Assumptions!$AH$131,"Mid-floor view premium fully loaded. ","")&IF(D91=Assumptions!$P$131,"High-floor view premium fully loaded. ","")&IF(Q91<=K91,"At developer starting price.","")) | T91: =Assumptions!$AJ$131 -> SSE. Low floors face Forest Grill pavilions; super unblocked landed + nature reserve + city from mid floor; reservoir body on high floors
A92: #14-05 | B92: 1 | C92: 5 | D92: 14 | E92: 3 Bedroom Premium + Study | F92: CPS1 | G92: 1152 | H92: Classic | I92: =Assumptions!$I$131 -> B | J92: =IF(D92<=Assumptions!$V$131,"Low",IF(D92<=Assumptions!$W$131,"Mid","High")) -> Mid | K92: =Assumptions!$Q$131 -> 2650 | L92: =INDEX(Assumptions!$M$61:$M$90,D92) -> 2880.3846 | M92: =IF(D92<=Assumptions!$G$131,Assumptions!$AK$131,IF(D92<Assumptions!$AH$131,Assumptions!$AK$131+(Assumptions!$AL$131-Assumptions!$AK$131)*(D92-Assumptions!$G$131)/(Assumptions!$AH$131-Assumptions!$G$131),IF(D92<Assumptions!$P$131,Assumptions!$AL$131+(Assumptions!$AM$131-Assumptions!$AL$131)*(D92-Assumptions!$AH$131)/(Assumptions!$P$131-Assumptions!$AH$131),Assumptions!$AM$131))) -> 50000 | N92: =M92/G92 -> 43.402778 | O92: =ROUND(L92+N92,0) -> 2924 | P92: =IF(D92>=Assumptions!$P$131,"High",IF(D92>=Assumptions!$AH$131,"Mid",IF(D92<=Assumptions!$G$131,"Low","Loading"))) -> Mid | Q92: =MAX(K92,MIN(Assumptions!$S$131,O92),Q93) -> 2924 | R92: =IF(AND(Q92<=K92,INDEX(Assumptions!$C$26:$C$36,MATCH(G92,Assumptions!$A$26:$A$36,0))<>""),INDEX(Assumptions!$C$26:$C$36,MATCH(G92,Assumptions!$A$26:$A$36,0)),ROUND(G92*Q92,-2)) -> 3368400 | S92: =TRIM(IF(AND(Assumptions!$L$131<>"",D92<Assumptions!$L$131),"View blocked / roof in front ("&Assumptions!$M$131&"); view premium still loading until L"&Assumptions!$L$131&". ","")&IF(D92=Assumptions!$AH$131,"Mid-floor view premium fully loaded. ","")&IF(D92=Assumptions!$P$131,"High-floor view premium fully loaded. ","")&IF(Q92<=K92,"At developer starting price.","")) | T92: =Assumptions!$AJ$131 -> SSE. Low floors face Forest Grill pavilions; super unblocked landed + nature reserve + city from mid floor; reservoir body on high floors
A93: #13-05 | B93: 1 | C93: 5 | D93: 13 | E93: 3 Bedroom Premium + Study | F93: CPS1 | G93: 1152 | H93: Classic | I93: =Assumptions!$I$131 -> B | J93: =IF(D93<=Assumptions!$V$131,"Low",IF(D93<=Assumptions!$W$131,"Mid","High")) -> Mid | K93: =Assumptions!$Q$131 -> 2650 | L93: =INDEX(Assumptions!$M$61:$M$90,D93) -> 2856.2923 | M93: =IF(D93<=Assumptions!$G$131,Assumptions!$AK$131,IF(D93<Assumptions!$AH$131,Assumptions!$AK$131+(Assumptions!$AL$131-Assumptions!$AK$131)*(D93-Assumptions!$G$131)/(Assumptions!$AH$131-Assumptions!$G$131),IF(D93<Assumptions!$P$131,Assumptions!$AL$131+(Assumptions!$AM$131-Assumptions!$AL$131)*(D93-Assumptions!$AH$131)/(Assumptions!$P$131-Assumptions!$AH$131),Assumptions!$AM$131))) -> 50000 | N93: =M93/G93 -> 43.402778 | O93: =ROUND(L93+N93,0) -> 2900 | P93: =IF(D93>=Assumptions!$P$131,"High",IF(D93>=Assumptions!$AH$131,"Mid",IF(D93<=Assumptions!$G$131,"Low","Loading"))) -> Mid | Q93: =MAX(K93,MIN(Assumptions!$S$131,O93),Q94) -> 2900 | R93: =IF(AND(Q93<=K93,INDEX(Assumptions!$C$26:$C$36,MATCH(G93,Assumptions!$A$26:$A$36,0))<>""),INDEX(Assumptions!$C$26:$C$36,MATCH(G93,Assumptions!$A$26:$A$36,0)),ROUND(G93*Q93,-2)) -> 3340800 | S93: =TRIM(IF(AND(Assumptions!$L$131<>"",D93<Assumptions!$L$131),"View blocked / roof in front ("&Assumptions!$M$131&"); view premium still loading until L"&Assumptions!$L$131&". ","")&IF(D93=Assumptions!$AH$131,"Mid-floor view premium fully loaded. ","")&IF(D93=Assumptions!$P$131,"High-floor view premium fully loaded. ","")&IF(Q93<=K93,"At developer starting price.","")) | T93: =Assumptions!$AJ$131 -> SSE. Low floors face Forest Grill pavilions; super unblocked landed + nature reserve + city from mid floor; reservoir body on high floors
A94: #12-05 | B94: 1 | C94: 5 | D94: 12 | E94: 3 Bedroom Premium + Study | F94: CPS1 | G94: 1152 | H94: Classic | I94: =Assumptions!$I$131 -> B | J94: =IF(D94<=Assumptions!$V$131,"Low",IF(D94<=Assumptions!$W$131,"Mid","High")) -> Mid | K94: =Assumptions!$Q$131 -> 2650 | L94: =INDEX(Assumptions!$M$61:$M$90,D94) -> 2832.2 | M94: =IF(D94<=Assumptions!$G$131,Assumptions!$AK$131,IF(D94<Assumptions!$AH$131,Assumptions!$AK$131+(Assumptions!$AL$131-Assumptions!$AK$131)*(D94-Assumptions!$G$131)/(Assumptions!$AH$131-Assumptions!$G$131),IF(D94<Assumptions!$P$131,Assumptions!$AL$131+(Assumptions!$AM$131-Assumptions!$AL$131)*(D94-Assumptions!$AH$131)/(Assumptions!$P$131-Assumptions!$AH$131),Assumptions!$AM$131))) -> 50000 | N94: =M94/G94 -> 43.402778 | O94: =ROUND(L94+N94,0) -> 2876 | P94: =IF(D94>=Assumptions!$P$131,"High",IF(D94>=Assumptions!$AH$131,"Mid",IF(D94<=Assumptions!$G$131,"Low","Loading"))) -> Mid | Q94: =MAX(K94,MIN(Assumptions!$S$131,O94),Q95) -> 2876 | R94: =IF(AND(Q94<=K94,INDEX(Assumptions!$C$26:$C$36,MATCH(G94,Assumptions!$A$26:$A$36,0))<>""),INDEX(Assumptions!$C$26:$C$36,MATCH(G94,Assumptions!$A$26:$A$36,0)),ROUND(G94*Q94,-2)) -> 3313200 | S94: =TRIM(IF(AND(Assumptions!$L$131<>"",D94<Assumptions!$L$131),"View blocked / roof in front ("&Assumptions!$M$131&"); view premium still loading until L"&Assumptions!$L$131&". ","")&IF(D94=Assumptions!$AH$131,"Mid-floor view premium fully loaded. ","")&IF(D94=Assumptions!$P$131,"High-floor view premium fully loaded. ","")&IF(Q94<=K94,"At developer starting price.","")) | T94: =Assumptions!$AJ$131 -> SSE. Low floors face Forest Grill pavilions; super unblocked landed + nature reserve + city from mid floor; reservoir body on high floors
A95: #11-05 | B95: 1 | C95: 5 | D95: 11 | E95: 3 Bedroom Premium + Study | F95: CPS1 | G95: 1152 | H95: Classic | I95: =Assumptions!$I$131 -> B | J95: =IF(D95<=Assumptions!$V$131,"Low",IF(D95<=Assumptions!$W$131,"Mid","High")) -> Mid | K95: =Assumptions!$Q$131 -> 2650 | L95: =INDEX(Assumptions!$M$61:$M$90,D95) -> 2818.3203 | M95: =IF(D95<=Assumptions!$G$131,Assumptions!$AK$131,IF(D95<Assumptions!$AH$131,Assumptions!$AK$131+(Assumptions!$AL$131-Assumptions!$AK$131)*(D95-Assumptions!$G$131)/(Assumptions!$AH$131-Assumptions!$G$131),IF(D95<Assumptions!$P$131,Assumptions!$AL$131+(Assumptions!$AM$131-Assumptions!$AL$131)*(D95-Assumptions!$AH$131)/(Assumptions!$P$131-Assumptions!$AH$131),Assumptions!$AM$131))) -> 50000 | N95: =M95/G95 -> 43.402778 | O95: =ROUND(L95+N95,0) -> 2862 | P95: =IF(D95>=Assumptions!$P$131,"High",IF(D95>=Assumptions!$AH$131,"Mid",IF(D95<=Assumptions!$G$131,"Low","Loading"))) -> Mid | Q95: =MAX(K95,MIN(Assumptions!$S$131,O95),Q96) -> 2862 | R95: =IF(AND(Q95<=K95,INDEX(Assumptions!$C$26:$C$36,MATCH(G95,Assumptions!$A$26:$A$36,0))<>""),INDEX(Assumptions!$C$26:$C$36,MATCH(G95,Assumptions!$A$26:$A$36,0)),ROUND(G95*Q95,-2)) -> 3297000 | S95: =TRIM(IF(AND(Assumptions!$L$131<>"",D95<Assumptions!$L$131),"View blocked / roof in front ("&Assumptions!$M$131&"); view premium still loading until L"&Assumptions!$L$131&". ","")&IF(D95=Assumptions!$AH$131,"Mid-floor view premium fully loaded. ","")&IF(D95=Assumptions!$P$131,"High-floor view premium fully loaded. ","")&IF(Q95<=K95,"At developer starting price.","")) | T95: =Assumptions!$AJ$131 -> SSE. Low floors face Forest Grill pavilions; super unblocked landed + nature reserve + city from mid floor; reservoir body on high floors
A96: #10-05 | B96: 1 | C96: 5 | D96: 10 | E96: 3 Bedroom Premium + Study | F96: CPS1 | G96: 1152 | H96: Classic | I96: =Assumptions!$I$131 -> B | J96: =IF(D96<=Assumptions!$V$131,"Low",IF(D96<=Assumptions!$W$131,"Mid","High")) -> Mid | K96: =Assumptions!$Q$131 -> 2650 | L96: =INDEX(Assumptions!$M$61:$M$90,D96) -> 2804.4406 | M96: =IF(D96<=Assumptions!$G$131,Assumptions!$AK$131,IF(D96<Assumptions!$AH$131,Assumptions!$AK$131+(Assumptions!$AL$131-Assumptions!$AK$131)*(D96-Assumptions!$G$131)/(Assumptions!$AH$131-Assumptions!$G$131),IF(D96<Assumptions!$P$131,Assumptions!$AL$131+(Assumptions!$AM$131-Assumptions!$AL$131)*(D96-Assumptions!$AH$131)/(Assumptions!$P$131-Assumptions!$AH$131),Assumptions!$AM$131))) -> 50000 | N96: =M96/G96 -> 43.402778 | O96: =ROUND(L96+N96,0) -> 2848 | P96: =IF(D96>=Assumptions!$P$131,"High",IF(D96>=Assumptions!$AH$131,"Mid",IF(D96<=Assumptions!$G$131,"Low","Loading"))) -> Mid | Q96: =MAX(K96,MIN(Assumptions!$S$131,O96),Q97) -> 2848 | R96: =IF(AND(Q96<=K96,INDEX(Assumptions!$C$26:$C$36,MATCH(G96,Assumptions!$A$26:$A$36,0))<>""),INDEX(Assumptions!$C$26:$C$36,MATCH(G96,Assumptions!$A$26:$A$36,0)),ROUND(G96*Q96,-2)) -> 3280900 | S96: =TRIM(IF(AND(Assumptions!$L$131<>"",D96<Assumptions!$L$131),"View blocked / roof in front ("&Assumptions!$M$131&"); view premium still loading until L"&Assumptions!$L$131&". ","")&IF(D96=Assumptions!$AH$131,"Mid-floor view premium fully loaded. ","")&IF(D96=Assumptions!$P$131,"High-floor view premium fully loaded. ","")&IF(Q96<=K96,"At developer starting price.","")) | T96: =Assumptions!$AJ$131 -> SSE. Low floors face Forest Grill pavilions; super unblocked landed + nature reserve + city from mid floor; reservoir body on high floors
... A103: #03-05 | B103: 1 | C103: 5 | D103: 3 | E103: 3 Bedroom Premium + Study | F103: CPS1 | G103: 1152 | H103: Classic | I103: =Assumptions!$I$131 -> B | J103: =IF(D103<=Assumptions!$V$131,"Low",IF(D103<=Assumptions!$W$131,"Mid","High")) -> Low | K103: =Assumptions!$Q$131 -> 2650 | L103: =INDEX(Assumptions!$M$61:$M$90,D103) -> 2707.2825 | M103: =IF(D103<=Assumptions!$G$131,Assumptions!$AK$131,IF(D103<Assumptions!$AH$131,Assumptions!$AK$131+(Assumptions!$AL$131-Assumptions!$AK$131)*(D103-Assumptions!$G$131)/(Assumptions!$AH$131-Assumptions!$G$131),IF(D103<Assumptions!$P$131,Assumptions!$AL$131+(Assumptions!$AM$131-Assumptions!$AL$131)*(D103-Assumptions!$AH$131)/(Assumptions!$P$131-Assumptions!$AH$131),Assumptions!$AM$131))) -> -35714.286 | N103: =M103/G103 -> -31.001984 | O103: =ROUND(L103+N103,0) -> 2676 | P103: =IF(D103>=Assumptions!$P$131,"High",IF(D103>=Assumptions!$AH$131,"Mid",IF(D103<=Assumptions!$G$131,"Low","Loading"))) -> Loading | Q103: =MAX(K103,MIN(Assumptions!$S$131,O103),Q104) -> 2676 | R103: =IF(AND(Q103<=K103,INDEX(Assumptions!$C$26:$C$36,MATCH(G103,Assumptions!$A$26:$A$36,0))<>""),INDEX(Assumptions!$C$26:$C$36,MATCH(G103,Assumptions!$A$26:$A$36,0)),ROUND(G103*Q103,-2)) -> 3082800 | S103: =TRIM(IF(AND(Assumptions!$L$131<>"",D103<Assumptions!$L$131),"View blocked / roof in front ("&Assumptions!$M$131&"); view premium still loading until L"&Assumptions!$L$131&". ","")&IF(D103=Assumptions!$AH$131,"Mid-floor view premium fully loaded. ","")&IF(D103=Assumptions!$P$131,"High-floor view premium fully loaded. ","")&IF(Q103<=K103,"At developer starting price.","")) -> View blocked / roof in front (Forest Grill Pavilion 1: 75% of view, 19.2 to 28m away); view premium still loading until L4. | T103: =Assumptions!$AJ$131 -> SSE. Low floors face Forest Grill pavilions; super unblocked landed + nature reserve + city from mid floor; reservoir body on high floors
A104: #02-05 | B104: 1 | C104: 5 | D104: 2 | E104: 3 Bedroom Premium + Study | F104: CPS1p | G104: 1152 | H104: Classic | I104: =Assumptions!$I$131 -> B | J104: =IF(D104<=Assumptions!$V$131,"Low",IF(D104<=Assumptions!$W$131,"Mid","High")) -> Low | K104: =Assumptions!$Q$131 -> 2650 | L104: =INDEX(Assumptions!$M$61:$M$90,D104) -> 2693.4028 | M104: =IF(D104<=Assumptions!$G$131,Assumptions!$AK$131,IF(D104<Assumptions!$AH$131,Assumptions!$AK$131+(Assumptions!$AL$131-Assumptions!$AK$131)*(D104-Assumptions!$G$131)/(Assumptions!$AH$131-Assumptions!$G$131),IF(D104<Assumptions!$P$131,Assumptions!$AL$131+(Assumptions!$AM$131-Assumptions!$AL$131)*(D104-Assumptions!$AH$131)/(Assumptions!$P$131-Assumptions!$AH$131),Assumptions!$AM$131))) -> -50000 | N104: =M104/G104 -> -43.402778 | O104: =ROUND(L104+N104,0) -> 2650 | P104: =IF(D104>=Assumptions!$P$131,"High",IF(D104>=Assumptions!$AH$131,"Mid",IF(D104<=Assumptions!$G$131,"Low","Loading"))) -> Low | Q104: =MAX(K104,MIN(Assumptions!$S$131,O104)) -> 2650 | R104: =IF(AND(Q104<=K104,INDEX(Assumptions!$C$26:$C$36,MATCH(G104,Assumptions!$A$26:$A$36,0))<>""),INDEX(Assumptions!$C$26:$C$36,MATCH(G104,Assumptions!$A$26:$A$36,0)),ROUND(G104*Q104,-2)) -> 3052800 | S104: =TRIM(IF(AND(Assumptions!$L$131<>"",D104<Assumptions!$L$131),"View blocked / roof in front ("&Assumptions!$M$131&"); view premium still loading until L"&Assumptions!$L$131&". ","")&IF(D104=Assumptions!$AH$131,"Mid-floor view premium fully loaded. ","")&IF(D104=Assumptions!$P$131,"High-floor view premium fully loaded. ","")&IF(Q104<=K104,"At developer starting price.","")) -> View blocked / roof in front (Forest Grill Pavilion 1: 75% of view, 19.2 to 28m away); view premium still loading until L4. At developer starting price. | T104: =Assumptions!$AJ$131 -> SSE. Low floors face Forest Grill pavilions; super unblocked landed + nature reserve + city from mid floor; reservoir body on high floors
A105: #21-06 | B105: 1 | C105: 6 | D105: 21 | E105: 3 Bedroom Premium | F105: CP1 | G105: 1055 | H105: Classic | I105: =Assumptions!$I$132 -> B | J105: =IF(D105<=Assumptions!$V$132,"Low",IF(D105<=Assumptions!$W$132,"Mid","High")) -> High | K105: =Assumptions!$Q$132 -> 2633 | L105: =INDEX(Assumptions!$K$61:$K$90,D105) -> 3042.1538 | M105: =IF(D105<=Assumptions!$G$132,Assumptions!$AK$132,IF(D105<Assumptions!$AH$132,Assumptions!$AK$132+(Assumptions!$AL$132-Assumptions!$AK$132)*(D105-Assumptions!$G$132)/(Assumptions!$AH$132-Assumptions!$G$132),IF(D105<Assumptions!$P$132,Assumptions!$AL$132+(Assumptions!$AM$132-Assumptions!$AL$132)*(D105-Assumptions!$AH$132)/(Assumptions!$P$132-Assumptions!$AH$132),Assumptions!$AM$132))) -> 16666.667 | N105: =M105/G105 -> 15.797788 | O105: =ROUND(L105+N105,0) -> 3058 | P105: =IF(D105>=Assumptions!$P$132,"High",IF(D105>=Assumptions!$AH$132,"Mid",IF(D105<=Assumptions!$G$132,"Low","Loading"))) -> High | Q105: =MAX(K105,MIN(Assumptions!$S$132,O105),Q106) -> 3058 | R105: =IF(AND(Q105<=K105,INDEX(Assumptions!$C$26:$C$36,MATCH(G105,Assumptions!$A$26:$A$36,0))<>""),INDEX(Assumptions!$C$26:$C$36,MATCH(G105,Assumptions!$A$26:$A$36,0)),ROUND(G105*Q105,-2)) -> 3226200 | S105: =TRIM(IF(AND(Assumptions!$L$132<>"",D105<Assumptions!$L$132),"View blocked / roof in front ("&Assumptions!$M$132&"); view premium still loading until L"&Assumptions!$L$132&". ","")&IF(D105=Assumptions!$AH$132,"Mid-floor view premium fully loaded. ","")&IF(D105=Assumptions!$P$132,"High-floor view premium fully loaded. ","")&IF(Q105<=K105,"At developer starting price.","")) | T105: =Assumptions!$AJ$132 -> NNW. Inner pool facing (Island Club); clubhouse in front of low floors, pool premium loads from the clear floor
A106: #20-06 | B106: 1 | C106: 6 | D106: 20 | E106: 3 Bedroom Premium | F106: CP1 | G106: 1055 | H106: Classic | I106: =Assumptions!$I$132 -> B | J106: =IF(D106<=Assumptions!$V$132,"Low",IF(D106<=Assumptions!$W$132,"Mid","High")) -> High | K106: =Assumptions!$Q$132 -> 2633 | L106: =INDEX(Assumptions!$K$61:$K$90,D106) -> 3015.8769 | M106: =IF(D106<=Assumptions!$G$132,Assumptions!$AK$132,IF(D106<Assumptions!$AH$132,Assumptions!$AK$132+(Assumptions!$AL$132-Assumptions!$AK$132)*(D106-Assumptions!$G$132)/(Assumptions!$AH$132-Assumptions!$G$132),IF(D106<Assumptions!$P$132,Assumptions!$AL$132+(Assumptions!$AM$132-Assumptions!$AL$132)*(D106-Assumptions!$AH$132)/(Assumptions!$P$132-Assumptions!$AH$132),Assumptions!$AM$132))) -> 16666.667 | N106: =M106/G106 -> 15.797788 | O106: =ROUND(L106+N106,0) -> 3032 | P106: =IF(D106>=Assumptions!$P$132,"High",IF(D106>=Assumptions!$AH$132,"Mid",IF(D106<=Assumptions!$G$132,"Low","Loading"))) -> High | Q106: =MAX(K106,MIN(Assumptions!$S$132,O106),Q107) -> 3032 | R106: =IF(AND(Q106<=K106,INDEX(Assumptions!$C$26:$C$36,MATCH(G106,Assumptions!$A$26:$A$36,0))<>""),INDEX(Assumptions!$C$26:$C$36,MATCH(G106,Assumptions!$A$26:$A$36,0)),ROUND(G106*Q106,-2)) -> 3198800 | S106: =TRIM(IF(AND(Assumptions!$L$132<>"",D106<Assumptions!$L$132),"View blocked / roof in front ("&Assumptions!$M$132&"); view premium still loading until L"&Assumptions!$L$132&". ","")&IF(D106=Assumptions!$AH$132,"Mid-floor view premium fully loaded. ","")&IF(D106=Assumptions!$P$132,"High-floor view premium fully loaded. ","")&IF(Q106<=K106,"At developer starting price.","")) | T106: =Assumptions!$AJ$132 -> NNW. Inner pool facing (Island Club); clubhouse in front of low floors, pool premium loads from the clear floor
A107: #19-06 | B107: 1 | C107: 6 | D107: 19 | E107: 3 Bedroom Premium | F107: CP1 | G107: 1055 | H107: Classic | I107: =Assumptions!$I$132 -> B | J107: =IF(D107<=Assumptions!$V$132,"Low",IF(D107<=Assumptions!$W$132,"Mid","High")) -> High | K107: =Assumptions!$Q$132 -> 2633 | L107: =INDEX(Assumptions!$K$61:$K$90,D107) -> 2989.6 | M107: =IF(D107<=Assumptions!$G$132,Assumptions!$AK$132,IF(D107<Assumptions!$AH$132,Assumptions!$AK$132+(Assumptions!$AL$132-Assumptions!$AK$132)*(D107-Assumptions!$G$132)/(Assumptions!$AH$132-Assumptions!$G$132),IF(D107<Assumptions!$P$132,Assumptions!$AL$132+(Assumptions!$AM$132-Assumptions!$AL$132)*(D107-Assumptions!$AH$132)/(Assumptions!$P$132-Assumptions!$AH$132),Assumptions!$AM$132))) -> 16666.667 | N107: =M107/G107 -> 15.797788 | O107: =ROUND(L107+N107,0) -> 3005 | P107: =IF(D107>=Assumptions!$P$132,"High",IF(D107>=Assumptions!$AH$132,"Mid",IF(D107<=Assumptions!$G$132,"Low","Loading"))) -> High | Q107: =MAX(K107,MIN(Assumptions!$S$132,O107),Q108) -> 3005 | R107: =IF(AND(Q107<=K107,INDEX(Assumptions!$C$26:$C$36,MATCH(G107,Assumptions!$A$26:$A$36,0))<>""),INDEX(Assumptions!$C$26:$C$36,MATCH(G107,Assumptions!$A$26:$A$36,0)),ROUND(G107*Q107,-2)) -> 3170300 | S107: =TRIM(IF(AND(Assumptions!$L$132<>"",D107<Assumptions!$L$132),"View blocked / roof in front ("&Assumptions!$M$132&"); view premium still loading until L"&Assumptions!$L$132&". ","")&IF(D107=Assumptions!$AH$132,"Mid-floor view premium fully loaded. ","")&IF(D107=Assumptions!$P$132,"High-floor view premium fully loaded. ","")&IF(Q107<=K107,"At developer starting price.","")) | T107: =Assumptions!$AJ$132 -> NNW. Inner pool facing (Island Club); clubhouse in front of low floors, pool premium loads from the clear floor
A108: #18-06 | B108: 1 | C108: 6 | D108: 18 | E108: 3 Bedroom Premium | F108: CP1 | G108: 1055 | H108: Classic | I108: =Assumptions!$I$132 -> B | J108: =IF(D108<=Assumptions!$V$132,"Low",IF(D108<=Assumptions!$W$132,"Mid","High")) -> High | K108: =Assumptions!$Q$132 -> 2633 | L108: =INDEX(Assumptions!$K$61:$K$90,D108) -> 2963.3231 | M108: =IF(D108<=Assumptions!$G$132,Assumptions!$AK$132,IF(D108<Assumptions!$AH$132,Assumptions!$AK$132+(Assumptions!$AL$132-Assumptions!$AK$132)*(D108-Assumptions!$G$132)/(Assumptions!$AH$132-Assumptions!$G$132),IF(D108<Assumptions!$P$132,Assumptions!$AL$132+(Assumptions!$AM$132-Assumptions!$AL$132)*(D108-Assumptions!$AH$132)/(Assumptions!$P$132-Assumptions!$AH$132),Assumptions!$AM$132))) -> 16666.667 | N108: =M108/G108 -> 15.797788 | O108: =ROUND(L108+N108,0) -> 2979 | P108: =IF(D108>=Assumptions!$P$132,"High",IF(D108>=Assumptions!$AH$132,"Mid",IF(D108<=Assumptions!$G$132,"Low","Loading"))) -> High | Q108: =MAX(K108,MIN(Assumptions!$S$132,O108),Q109) -> 2979 | R108: =IF(AND(Q108<=K108,INDEX(Assumptions!$C$26:$C$36,MATCH(G108,Assumptions!$A$26:$A$36,0))<>""),INDEX(Assumptions!$C$26:$C$36,MATCH(G108,Assumptions!$A$26:$A$36,0)),ROUND(G108*Q108,-2)) -> 3142800 | S108: =TRIM(IF(AND(Assumptions!$L$132<>"",D108<Assumptions!$L$132),"View blocked / roof in front ("&Assumptions!$M$132&"); view premium still loading until L"&Assumptions!$L$132&". ","")&IF(D108=Assumptions!$AH$132,"Mid-floor view premium fully loaded. ","")&IF(D108=Assumptions!$P$132,"High-floor view premium fully loaded. ","")&IF(Q108<=K108,"At developer starting price.","")) | T108: =Assumptions!$AJ$132 -> NNW. Inner pool facing (Island Club); clubhouse in front of low floors, pool premium loads from the clear floor
A109: #17-06 | B109: 1 | C109: 6 | D109: 17 | E109: 3 Bedroom Premium | F109: CP1 | G109: 1055 | H109: Classic | I109: =Assumptions!$I$132 -> B | J109: =IF(D109<=Assumptions!$V$132,"Low",IF(D109<=Assumptions!$W$132,"Mid","High")) -> High | K109: =Assumptions!$Q$132 -> 2633 | L109: =INDEX(Assumptions!$K$61:$K$90,D109) -> 2937.0462 | M109: =IF(D109<=Assumptions!$G$132,Assumptions!$AK$132,IF(D109<Assumptions!$AH$132,Assumptions!$AK$132+(Assumptions!$AL$132-Assumptions!$AK$132)*(D109-Assumptions!$G$132)/(Assumptions!$AH$132-Assumptions!$G$132),IF(D109<Assumptions!$P$132,Assumptions!$AL$132+(Assumptions!$AM$132-Assumptions!$AL$132)*(D109-Assumptions!$AH$132)/(Assumptions!$P$132-Assumptions!$AH$132),Assumptions!$AM$132))) -> 16666.667 | N109: =M109/G109 -> 15.797788 | O109: =ROUND(L109+N109,0) -> 2953 | P109: =IF(D109>=Assumptions!$P$132,"High",IF(D109>=Assumptions!$AH$132,"Mid",IF(D109<=Assumptions!$G$132,"Low","Loading"))) -> High | Q109: =MAX(K109,MIN(Assumptions!$S$132,O109),Q110) -> 2953 | R109: =IF(AND(Q109<=K109,INDEX(Assumptions!$C$26:$C$36,MATCH(G109,Assumptions!$A$26:$A$36,0))<>""),INDEX(Assumptions!$C$26:$C$36,MATCH(G109,Assumptions!$A$26:$A$36,0)),ROUND(G109*Q109,-2)) -> 3115400 | S109: =TRIM(IF(AND(Assumptions!$L$132<>"",D109<Assumptions!$L$132),"View blocked / roof in front ("&Assumptions!$M$132&"); view premium still loading until L"&Assumptions!$L$132&". ","")&IF(D109=Assumptions!$AH$132,"Mid-floor view premium fully loaded. ","")&IF(D109=Assumptions!$P$132,"High-floor view premium fully loaded. ","")&IF(Q109<=K109,"At developer starting price.","")) -> High-floor view premium fully loaded. | T109: =Assumptions!$AJ$132 -> NNW. Inner pool facing (Island Club); clubhouse in front of low floors, pool premium loads from the clear floor
A110: #16-06 | B110: 1 | C110: 6 | D110: 16 | E110: 3 Bedroom Premium | F110: CP1 | G110: 1055 | H110: Classic | I110: =Assumptions!$I$132 -> B | J110: =IF(D110<=Assumptions!$V$132,"Low",IF(D110<=Assumptions!$W$132,"Mid","High")) -> Mid | K110: =Assumptions!$Q$132 -> 2633 | L110: =INDEX(Assumptions!$K$61:$K$90,D110) -> 2910.7692 | M110: =IF(D110<=Assumptions!$G$132,Assumptions!$AK$132,IF(D110<Assumptions!$AH$132,Assumptions!$AK$132+(Assumptions!$AL$132-Assumptions!$AK$132)*(D110-Assumptions!$G$132)/(Assumptions!$AH$132-Assumptions!$G$132),IF(D110<Assumptions!$P$132,Assumptions!$AL$132+(Assumptions!$AM$132-Assumptions!$AL$132)*(D110-Assumptions!$AH$132)/(Assumptions!$P$132-Assumptions!$AH$132),Assumptions!$AM$132))) -> 18686.869 | N110: =M110/G110 -> 17.712672 | O110: =ROUND(L110+N110,0) -> 2928 | P110: =IF(D110>=Assumptions!$P$132,"High",IF(D110>=Assumptions!$AH$132,"Mid",IF(D110<=Assumptions!$G$132,"Low","Loading"))) -> Mid | Q110: =MAX(K110,MIN(Assumptions!$S$132,O110),Q111) -> 2928 | R110: =IF(AND(Q110<=K110,INDEX(Assumptions!$C$26:$C$36,MATCH(G110,Assumptions!$A$26:$A$36,0))<>""),INDEX(Assumptions!$C$26:$C$36,MATCH(G110,Assumptions!$A$26:$A$36,0)),ROUND(G110*Q110,-2)) -> 3089000 | S110: =TRIM(IF(AND(Assumptions!$L$132<>"",D110<Assumptions!$L$132),"View blocked / roof in front ("&Assumptions!$M$132&"); view premium still loading until L"&Assumptions!$L$132&". ","")&IF(D110=Assumptions!$AH$132,"Mid-floor view premium fully loaded. ","")&IF(D110=Assumptions!$P$132,"High-floor view premium fully loaded. ","")&IF(Q110<=K110,"At developer starting price.","")) | T110: =Assumptions!$AJ$132 -> NNW. Inner pool facing (Island Club); clubhouse in front of low floors, pool premium loads from the clear floor
A111: #15-06 | B111: 1 | C111: 6 | D111: 15 | E111: 3 Bedroom Premium | F111: CP1 | G111: 1055 | H111: Classic | I111: =Assumptions!$I$132 -> B | J111: =IF(D111<=Assumptions!$V$132,"Low",IF(D111<=Assumptions!$W$132,"Mid","High")) -> Mid | K111: =Assumptions!$Q$132 -> 2633 | L111: =INDEX(Assumptions!$K$61:$K$90,D111) -> 2884.4923 | M111: =IF(D111<=Assumptions!$G$132,Assumptions!$AK$132,IF(D111<Assumptions!$AH$132,Assumptions!$AK$132+(Assumptions!$AL$132-Assumptions!$AK$132)*(D111-Assumptions!$G$132)/(Assumptions!$AH$132-Assumptions!$G$132),IF(D111<Assumptions!$P$132,Assumptions!$AL$132+(Assumptions!$AM$132-Assumptions!$AL$132)*(D111-Assumptions!$AH$132)/(Assumptions!$P$132-Assumptions!$AH$132),Assumptions!$AM$132))) -> 20707.071 | N111: =M111/G111 -> 19.627555 | O111: =ROUND(L111+N111,0) -> 2904 | P111: =IF(D111>=Assumptions!$P$132,"High",IF(D111>=Assumptions!$AH$132,"Mid",IF(D111<=Assumptions!$G$132,"Low","Loading"))) -> Mid | Q111: =MAX(K111,MIN(Assumptions!$S$132,O111),Q112) -> 2904 | R111: =IF(AND(Q111<=K111,INDEX(Assumptions!$C$26:$C$36,MATCH(G111,Assumptions!$A$26:$A$36,0))<>""),INDEX(Assumptions!$C$26:$C$36,MATCH(G111,Assumptions!$A$26:$A$36,0)),ROUND(G111*Q111,-2)) -> 3063700 | S111: =TRIM(IF(AND(Assumptions!$L$132<>"",D111<Assumptions!$L$132),"View blocked / roof in front ("&Assumptions!$M$132&"); view premium still loading until L"&Assumptions!$L$132&". ","")&IF(D111=Assumptions!$AH$132,"Mid-floor view premium fully loaded. ","")&IF(D111=Assumptions!$P$132,"High-floor view premium fully loaded. ","")&IF(Q111<=K111,"At developer starting price.","")) | T111: =Assumptions!$AJ$132 -> NNW. Inner pool facing (Island Club); clubhouse in front of low floors, pool premium loads from the clear floor
A112: #14-06 | B112: 1 | C112: 6 | D112: 14 | E112: 3 Bedroom Premium | F112: CP1 | G112: 1055 | H112: Classic | I112: =Assumptions!$I$132 -> B | J112: =IF(D112<=Assumptions!$V$132,"Low",IF(D112<=Assumptions!$W$132,"Mid","High")) -> Mid | K112: =Assumptions!$Q$132 -> 2633 | L112: =INDEX(Assumptions!$K$61:$K$90,D112) -> 2858.2154 | M112: =IF(D112<=Assumptions!$G$132,Assumptions!$AK$132,IF(D112<Assumptions!$AH$132,Assumptions!$AK$132+(Assumptions!$AL$132-Assumptions!$AK$132)*(D112-Assumptions!$G$132)/(Assumptions!$AH$132-Assumptions!$G$132),IF(D112<Assumptions!$P$132,Assumptions!$AL$132+(Assumptions!$AM$132-Assumptions!$AL$132)*(D112-Assumptions!$AH$132)/(Assumptions!$P$132-Assumptions!$AH$132),Assumptions!$AM$132))) -> 22727.273 | N112: =M112/G112 -> 21.542439 | O112: =ROUND(L112+N112,0) -> 2880 | P112: =IF(D112>=Assumptions!$P$132,"High",IF(D112>=Assumptions!$AH$132,"Mid",IF(D112<=Assumptions!$G$132,"Low","Loading"))) -> Mid | Q112: =MAX(K112,MIN(Assumptions!$S$132,O112),Q113) -> 2880 | R112: =IF(AND(Q112<=K112,INDEX(Assumptions!$C$26:$C$36,MATCH(G112,Assumptions!$A$26:$A$36,0))<>""),INDEX(Assumptions!$C$26:$C$36,MATCH(G112,Assumptions!$A$26:$A$36,0)),ROUND(G112*Q112,-2)) -> 3038400 | S112: =TRIM(IF(AND(Assumptions!$L$132<>"",D112<Assumptions!$L$132),"View blocked / roof in front ("&Assumptions!$M$132&"); view premium still loading until L"&Assumptions!$L$132&". ","")&IF(D112=Assumptions!$AH$132,"Mid-floor view premium fully loaded. ","")&IF(D112=Assumptions!$P$132,"High-floor view premium fully loaded. ","")&IF(Q112<=K112,"At developer starting price.","")) | T112: =Assumptions!$AJ$132 -> NNW. Inner pool facing (Island Club); clubhouse in front of low floors, pool premium loads from the clear floor
A113: #13-06 | B113: 1 | C113: 6 | D113: 13 | E113: 3 Bedroom Premium | F113: CP1 | G113: 1055 | H113: Classic | I113: =Assumptions!$I$132 -> B | J113: =IF(D113<=Assumptions!$V$132,"Low",IF(D113<=Assumptions!$W$132,"Mid","High")) -> Mid | K113: =Assumptions!$Q$132 -> 2633 | L113: =INDEX(Assumptions!$K$61:$K$90,D113) -> 2831.9385 | M113: =IF(D113<=Assumptions!$G$132,Assumptions!$AK$132,IF(D113<Assumptions!$AH$132,Assumptions!$AK$132+(Assumptions!$AL$132-Assumptions!$AK$132)*(D113-Assumptions!$G$132)/(Assumptions!$AH$132-Assumptions!$G$132),IF(D113<Assumptions!$P$132,Assumptions!$AL$132+(Assumptions!$AM$132-Assumptions!$AL$132)*(D113-Assumptions!$AH$132)/(Assumptions!$P$132-Assumptions!$AH$132),Assumptions!$AM$132))) -> 24747.475 | N113: =M113/G113 -> 23.457322 | O113: =ROUND(L113+N113,0) -> 2855 | P113: =IF(D113>=Assumptions!$P$132,"High",IF(D113>=Assumptions!$AH$132,"Mid",IF(D113<=Assumptions!$G$132,"Low","Loading"))) -> Mid | Q113: =MAX(K113,MIN(Assumptions!$S$132,O113),Q114) -> 2855 | R113: =IF(AND(Q113<=K113,INDEX(Assumptions!$C$26:$C$36,MATCH(G113,Assumptions!$A$26:$A$36,0))<>""),INDEX(Assumptions!$C$26:$C$36,MATCH(G113,Assumptions!$A$26:$A$36,0)),ROUND(G113*Q113,-2)) -> 3012000 | S113: =TRIM(IF(AND(Assumptions!$L$132<>"",D113<Assumptions!$L$132),"View blocked / roof in front ("&Assumptions!$M$132&"); view premium still loading until L"&Assumptions!$L$132&". ","")&IF(D113=Assumptions!$AH$132,"Mid-floor view premium fully loaded. ","")&IF(D113=Assumptions!$P$132,"High-floor view premium fully loaded. ","")&IF(Q113<=K113,"At developer starting price.","")) | T113: =Assumptions!$AJ$132 -> NNW. Inner pool facing (Island Club); clubhouse in front of low floors, pool premium loads from the clear floor
